{"file_hashes":[{"block_hashes":["nufbTt4UUeoAXgaDjL00/m/7yktZS8r8nz2DNqVl0Hc=","x2qn4/RTj+iYLpEsacgGLbJpyk0vWuPLyPVGH3Lp/YI=","d+FC0s6f7hEOtx2IOzPuA6DtRNbv5lZ4Uj+xbXZQBW4=","9j8joNyiq4Sj1fI0zVqS1+plhuYIjMBvLekcKG9yrig=","ojFhEERvvwypJc3+NacILVieVE9yshs2y6rlBceR63w=","gyi/2PXi1gq+c7BGgoizXyelghVr6dSXco/Miz2raVg=","trde/HB4DoO6ODTSF9oFm+Ccaa81P/U5gUB684i7HPI=","BGDP1AcNwCi5Rv2fbJ0COa57uo0SXClr+8DYvLSz6xs="],"block_size":4096,"path":"build/52.chunk.js"},{"block_hashes":["o1AxYu5Qoj2PmDpD2YtC/DV90hiSS4K4zMddg4Q5jxE=","JS0aJW9BhUB4fwjxFKyhtTpwebAKVyjEUZ1KtnoPDXk=","CIFaYMBm5/eyMh2qHzx87WgtRhnLk6Am/URYhYqEQQA=","lAeDWn4jqK0ttHyOgESlv/6mNHV6hlI9YnpG0DJErlA=","9FhqsLCoZviv3h+MgWLAo1NnM2LVa1M/eVyX3d1YAjo=","iNa+6VlVBXzmR3qULhssL6VqdH008Sd6wIzCqEqEm24=","elsboZ2SmPTkBr6qLQSvpqzSupYFBhHk7U0j7TMpKj4="],"block_size":4096,"path":"build/backendManager.js"},{"block_hashes":["rzoxrNOUr4TMNyLsHdQHvqu1bGE9W6Y79rbO0QU5/SI=","SwOF+0bF2P/ZLxT4aiQhuWjR7VSZjWsQ/llbRqhA3HM="],"block_size":4096,"path":"build/background.js"},{"block_hashes":["teLvd2c77EE3g838AWh6+BexgcCvpuarjsfAU2fabZs="],"block_size":4096,"path":"build/fileFetcher.js"},{"block_hashes":["tmOygdur/Nx4jmi1nW9LfjSn5LEqCdP+M3cNlfyMOmY=","mW91BN2M9FjkPzmWcREA95CQdiw9md5Lx7ElV5GQyN0=","JAl/tyLxx/DE4WnGCPR/0oBr+AMuDPLXtfKyeVCYrbk=","dnNM90Hy8wgSbKLQu9iYlD2C01eXHk2w9gI4VfBHbbQ=","+h2phbblcF3sjsQ+PjOTNzfUsSU6AFQJA7lnOyVTCjw=","MvCS/C9Hvw+UYkcZOxQ/ZdXkR1WZMESwov6VNEb3S40=","jhzDgmTSmj9meRdHbCMCsjOQFnvU6iXDLMY7qFMFPD0=","eUfzP4sMXF7gZweNUWp4dPFPwetSeWe/5iZlGz0e3iQ=","Kl0vf3Kp4I6Y/ticzc9EZxuXPe3OonFYYWOa18wsJ+E=","/RIbA1k7Re0Fq6BnlrwZ+dQg2H/CWXwKpgzbsj8w/9U=","7Qi+kSxIRyXqH1T3XjneKCQT4yYcro0dFS2wanrzXl4=","HtmqVES30OZJIEyqzHehRr9rtCyfenfBuG4iUiAiSGU=","ZcI2cgISJSu1Oy2ZK5dNPEKBrmJeJK60Kd6EBd1/TNQ=","r2mtwtmcOdCvp05ybJDtyb3NkNzH/7twLfIWkY/9/Ws=","3BgfPvP14AA5zzn+UPsFGXSdiJfSyF0HieBieH4wVXU=","AFOH+mav21xjU5IJ5B/0fEmLDHdvX1djkixmjbkMOvs=","Xo1gduXLRz1iMoZOFhiWfpsm1+fjFkJ1gsbYzNOnMrY=","7udn8G4kAH5+3KbmtBm1QWRsWChsHp0YMhGNWwYgrwI=","LWiQ3ASzo38XEbBVTAgJpR9pcsJJQRJeMXJ2YSITjOQ=","zqaRNWHfTAsECxvK931K4n9hZumt/fIALBNvPrs0+IU=","sPvC5Grn8Tosx+uBoyH0LgZK4X+uL96wJwcG/MnIm1Q=","tqP2xxi9zNxUlWFJ9gAPKS9g2YpYLtadjEDp4pbTLwk=","tBQANrmrel1SGhc5EXnNy0rK6mvUbU1EdxkcYM4CwOY=","1Drx5EEt5JvZ7uQ52MAPMh6ZHWP3C56zZ5YHcu5oLLA=","XNmKc7o0Hu3p6ZCAELuTptVFiWKUmrVSfZVd0EEkGKU=","jUjsRwkM4hh2907d8fhqWJOXe/XjDZ0+gNV2ZSlNoxQ=","w9RfgfnZE6mqUwWpfmfp1bDHZiJjqWi/Phl39WN97iQ=","5X31LouB64ovMLwweoCXe9Xwf2i7OYOYxmk1ctBB3qY=","o1ZNKTXCZ6klrLsgCvWVifzejPRUSN2NF19vM1BeVXo=","kCmoyZjI8S7jIC7eQldA4XSia0546Uh3gXXLsRNGd90=","tksPv2S5Gb9A+grGiCILWelzgtkG6XsDheiCcpLNflE=","MHVWoIAVLYRXb3G8Fsbm/0KGZPZ175RNCTkVlj5Qvds=","7VSY1emq+j9GERAsf5Zyk53Imo/155YuqMLIRKTgyIo=","FS0pip38u2B2IdEj2VbE04WI79oRoZCSyAoul5JfKVg=","yYTPXqGSPaoxWMeMrhaOVwvChe9QcC7N/O4DtWrAQ5c=","gfyEHa/BKOf6bWOykIHNurCyCVTEO81SZj8bMAbTLew=","MY8wo0Yr82WDaKiMHWd8/QhrNwRvYzeMHux5r04SdVQ=","9T/Iy69rSf9V1YtfAtZR6SYyOQ753UuSB3NOQS2VNpk=","s9PfnyYpANr5QhK+yrX1YriQQG0EVN6XTYhPALWNL4Q=","+O0LUhkD7Djd6sQV1qCBO3q8f2dhjRNG1oyMbPeqH5E=","yoDJUrahxdEH6mz4EHB8xR70GPfH0tc7jw0J7qQz0XU=","RbH9Hw9Z4DlqirYikARb8AmdOFV/LE7hkLSbdUtopmc=","8uCHoRFK2oJIrFYOw3hMScRE7pXyz8J2w0TilWP6zw0=","vuhQpxCgFo3HHFiasqDFpGSNK0DYT3YCtx8nNM6kUFQ=","9FV0yFzCaltalp2+UW4PrEc6v1V+XwbdVMI6HJT/c6E=","mMooNwI5BKy/t6UKD6B92dVHASqz0f0JBNti+TUkCrY=","CPRn7LrhN7qo0Ec/n2on8F6dOcjso5yeQjfUI9KEpRg=","QkzwjfRFxnD7Mbglicaudm7o3IlpWUYMizvyX/Fye7Y=","rSIdvnp4yHR6IEtic9rBdA7D+WVXbzBjtxmdwhywse8=","VIm2jqbr6u2JiVyqXwiBb+9hf10PWvpTb4k9VG9Tzks=","LftVSWPykp+JOOpXlWQGsMPfMRKDCeIS/V4pynA/Vdo=","7AAx3rBpVTe/MTgG10DS9zBBdrzG1va74K/Z5x2XILs=","GHdjbL3qEQ/hrTOnJ0QSjipmrlemwBYKYzym4Lh2Mw0=","FRnycA8FXuBbVJpjRHZDqddAElbQtcmNM/fL9+c1OUo=","XB8PX9Z9TMry8iIGsx9fv8qN8HxfSoPUWITD4YrqTuY="],"block_size":4096,"path":"build/importFile.worker.worker.js"},{"block_hashes":["q4+aZTHBP0C+gq2SAv3sTWtbUPNPXclL0UHUmqHAGKw=","oLXQFPE5uDd+PTfNBlbicfyAFBIwrXs8TFLgzwu+TXs="],"block_size":4096,"path":"build/installHook.js"},{"block_hashes":["3xPtUqiNMOqwgKWdpr1XfV1twyzZ9CStT0iLk970cZI=","G8N9sKmOsrd4sa6vC0xlsjBHiMe6e4ekAVTgc3xAi3s="],"block_size":4096,"path":"build/installHook.js.map"},{"block_hashes":["E6fDppkykBFB3kQAFXF77X3w/PoRKqrKAYQ3WfOZ5I4=","f+6LLefqhMLQGIuq4wtJry2Iz20QKT+gnR96ZTFSYDw=","PAQsLCGblw4sZq/wb/Go/uK3X3uXEJlKAEFeRaia9sk=","jiZ7TrOZ9rIvZyDKtkTWTGij8Bbv9CDU0gsTYadrqZM=","SBhAXiryTG9y2JlYVdJYRhjaaZfnt7+5/q3AVN6WFbI=","YsFLXpXezL2ly1LK3FupKW76AIjuBIKzA1s93a7AMr0=","IbQdz+9R+y50jqWAGNf3VYl7WbgixbFuji/JiuxZ2Mc=","hCHve2OV1vDpGcWqo6Qk25yH+uJ6mUjNxmqjjCdFHoM=","iHu6PXyyZp0oGijc59rMag2UYRccHSli5mNnljDthD8=","Q+GCH5ziJ7Um5DU/J9fSN9sVjtGdW1WNr3OwAYl26JY=","SOzIt+ze8Rr7LZW1hanPbO+2vUtjcDhKIIcd7/y0QjA=","kpuayWhQGK5WOJOy2/bHd7T0p+l6zvp7GoeybQNAKYc=","ekJIvjeIz9amlojV8xSGrNNO06Qn4mGAl9nvWaxIVP8=","J+1wCj7iblab6LiLwyzb+NKjVZapyx9Hs9JAlgFNLfs=","Bx99ICJYeusxD3GmUA30CCwa4r9yJhCsoX9C6SXhVtI=","SUCJ39WWZwaEq430zjU4NAaW9LPcSuUyL5AqRGD0ecM=","aj+C0XNzThYfdrMMxDmKnL7RdaaTsIh4ZPglZ0/vYL0=","DRXkyK3AIDa+Yh2DQAqGqwVBuoETYlJ/7RLozDQxE0Y=","QzklA6B9D8V2YkMJOiobKMyUYCeJiElfxb0jn+Qlnl0=","E4dEGT0hs/GLIPBGNGOz/ruayjWe9w2/jC3MFPNsj/Y=","hfbt8JdgYyKv4GFPyEo4egUBHvJ9WTTHrlR3zUOXh3g=","TvaqKmzG0YOa+L0M8KqSNgcgoDqnouM3TDIMHjNNUJg=","vQKKYRK9eQ48qAFUXmHNSWutmwkll84ba6XH5eSdmd0=","6dJEMYDUu5bJA8DLdVSawQzHRf26ITJXEUOcUP45oYM=","IhCIATnjeLHlugYp7wPACs0j78dabx5hjQOL7fiXc8o=","SxA8dCpld/U1OXfga6ta//2Tom6mxyZg//1UlSRA7S8=","MfJz0D2abYLgf+ep6kxLGVoeOCPpVA+WWE+QRN3CnFY=","yuNOPCy3fp8gvas5IZr/GPWKdmP+emhReqL3RHIGgmU=","jPaAAUVpS6jiv2YnkbKdtv54rRCTYtuAGKXwmqjYWTU=","5droE2LXCr13ym6/WcHxuOzwYfVqSnG43fks4NXljyc=","1/YIFyXMwtkA/qh92k2+lxQkcnI2AFO6LWPsWm7SUz8=","/2ZvJWrvuyJRRh6GFQivamOcM8Ys8x0NpniVphr6Nvg=","WnI1kkkhK7tpsMzMJUcawkK2Qb/VXcUlUC8e1/LFFEE=","QFly271WRIeR+KI1qUAkro1VqQQZ7VLWHRtA8OqOCiw=","pQFPBLHBoUt/aYHEX7bysfDyjZK3DO93exxYLzEHNFo=","SzjB/kSCrT/75NPsRM0gnX8D/yP1C7dftO2ZMOpV6DY=","3x+1Yyr+bsBzH6BCT7IgHstU8tSjUCsCARmvGTIPa14=","XS4SwIFB+CNehcD0etCpsr2vHU8Jx87akESc48WUzxc=","pEQAPbXkHSSo5Uimju6R4scFpmkuHYMg53s16qtIzLQ=","YRnc8BiheAdIglOhQY4QPr097OEK4BJT0Zhext//Btg=","lOTQPmKS42MDlrxLrXKJ59vGWBhokz1Bf5+PClKbzp8=","8SGOXe0JRgtaxdJyVW0lpmENbEYHYUGuUFFaLfOjAHs=","U+cd5g0tenzCy4epb5avGMt0fpwAG5LVBuemNC4x4yQ=","88/sR+t+QEMsv0vr3UXucmja37ZC32JpKMvjs2LVXQw=","jnthy3XXL7sMM0E5Jgcdg1ZAHDTU74Yiz7mbMATnn98=","ES8Eg5yn7GnfynZhXzKVrXVwa/E7St284mq7wajhrHk=","m9RWUet6xa436B9hayTiIZfSzfAHgb82tZRPQHcWqJU=","OkpyHRlJyqSv3BZb0LC42RQO/lNjYfMpuQytRm0PHU0=","CtdeUGIPIGtmj3MDZ5eFrZ6hkBG0fiR4KCC91u1qbeQ=","4dTo1xMIGXC7OQ84s3KBkzv8JkuoMO0EP5NvQ9liAv4=","MnZCngnIdxGj634iDiQyBX6p4pkJAw7UALqCUEcdjUk=","tP4gmvZ+1JAepGCoOA2KYPvyLzXJ9a1cIvweEMXk3v4=","BL9UQYZ2SSCw9T7t2ZOv1v2SQqv4uXBicX3+J67YBhI=","lAzwbZGdu0qwEddEmugc0QObXrcoR6G68a7RLmoxSOc=","sN+UOzyYsnxcZWNwW8MP1xlKCc6hi/Y58FVD38q1OAw=","Daj36X3rUfvSB6/whRolltCXPjx4sYM1zUUjUW9RLLs=","GcI2rpWeJLg/U6JgCgUQ7Mn89RwWYXg1P7nvHrgq6Og=","rbi8PuWPF7Dd3tJ3/tESBLm1RAMtGuucVQlWW9eSjWc=","wNwb6WDnbc1ynFrRcgPjmtDthV4WfkcTg6GXiHec1D4=","rvSxmv6WtS0V6E6x7i5K77vHsdGHbFG+wCjLC5xcmaM=","gzmBvvzmPcXas+zPGHO1UwE7V/m6XYO239Lziy2ytRg=","dwQmtRTU1oX0pl5/g1snO3Yd4ow5pB9uZ6EzUMMfc5w=","hjP7gQQk+LPr/RgR5hLotTSWYmLY0Bv5qaXzLPxrBaw=","VYNwK3CRS6oJG4b4FqLwF4yCZpnB01fVDzRqYRz4VOs=","CfeEurG9V8+A/53lPAPgtt2W/Yam2DbuByWumwjWSM8=","ZyuH+moanRToOtlADU9wQkDUzQDnis3YOG9fnbGfgUM=","9kdw9PxAyDZ9QUdUz7FWz7zy15yc12Kkx4T3bP/yzP8=","tROt8ciy3j6OCn05cVvii/aYAi8sS5YQ+bANhwfgdAo=","z1yivokweGP3pmdDhwz/7+35VFoWoFx1pRtrAmqgN/o=","+59MTsLpjKdIEY4Bex/fMHl7MnfG2+o8FG8F3lttrCw=","/Yb42WwrETqLvQRZXixJCh2jfsR9EpKNXzJTE1yZ9aU=","iPMhKQJy0pGTDk+jAOCgO13NZKiFMgJvnj37evUdxTQ=","WDXYTCxNiKb7qBxsz+rsvMvUQfi5l0vauInGUmq2tU4=","W7Kict7eHZuwtUQ29D70UEuHwCyUEb6hUcBc3K4VRXY=","oqWbUJ+uZiPSo2dFlsNkSTq1RqlM8Wbbud4QvzB309I=","uFlBeHweB0Kv3ffeEAeF3eAl7qnOgrzs4ttktbR+++0=","rapNJKbPmGVzyX1TpU1KQaX3Zo/GZBKwc17ja4nljog=","zpeAgoyGupqDcv1rC3JJ6Qn8MF3TPd+JNSNZLmwLRws=","OIUSWZriGOlSt0nEP45xTtSLJG+0LlmCD/9eZ4np75c=","jZheTRqWP5BHidMJUvDfJQoGNCffJbiskJ/Ut4KgjJY=","7UBB8ukbh9cOkNXQK2JR0PcX5jvW9At4niVWktXbNEg=","zZ5xXVW7nbgOYfGpY4c+si7HFhxIE2UQp3Slix+IjD8=","SvwTBoQil2OCgYejvabyNx7S5BMHUqhtfBsvpRXVpPA=","pryUcLnNaBMuErXAq3WOXcJKdq5DsKqU+V84aKteFCc=","HJZxuWE1HdcvX6C6DlUIlvIW3FHAgvR12+klBfovsPk=","QWvP92HZBX/0egOft2xTlGpcaBdCeoMRKiacDJTZjTg=","h/YFPfEaldBx7sSXIh7SPISZx0oR2Vgc8Pzc17i2qWw=","FbJsLinHX/JF7o+ItvGoOTBouQEa1lN/XpBL/mc4KwM=","9zIKfKiAuDh9zrUYgfgpC/R2pF37hhedW5mQ0OespPI=","YBXn+7TWVmrqokDGicsTiFraXsOXVTZjc3t1m7AoL8Y=","2X+hQ7UsoU55Tn0AaLjbjO6GyM/P7u6M0Zr33M2Y+is=","80Srf5fn5NzDDpjCSLe9okcpE420xxFy/gfpFXipVds=","Q5m5jWX9wwo8oQoSa+zsOV019AhVouYEj00eusHMJ7g=","q4UF5faGPeOhV7Y6GMjwBE2ovvbaNY92mhQN05jvlBg=","CcXjxNsrBoy015z+gv1kjU8R2A6mM8ojLIriDjdKucE=","1CY3anisDlpdbuYZsQl/0+ba+yeXcMvEMVMLzQTjDxQ=","gZNqqWIeif/hMj/uyvAiVTexWctAAGOKUktBDSTIAn8=","3GZt1cEYB6bZQPiNyu2gMegOwIo5+vuihXV+JbUwrN8=","c3CETg9XeVf3//hYZieNcGQnt/rBImsz2bd0rnpIwxo=","4WKcD8TR85TFTtfkp9o8921aSCWbpRs59atl/8AsbdU=","QbWRGVQdZhNOYtBx95XYHgRzSECHK79v0AalPdI5Kcs=","EiTJcEnU8v/VDSwrYL1zjOoNvOIzvcgoxk0NBjE1Zok=","wF5jhPWWqOP80B3ghr0m/qP3GsZ299emTkWY8mzQazc=","2xYv5bTa3z8r3JCMBxw72l6qPu3mIH7jIslBtgJQ3nc=","WcFeYpjMi5k+YWAnJN0JncnQ/3Hc9trmITWCwiBVDO8=","cZsZPjNGU7Lg0h5K4fGL568MszhgU2eUYBRyQ3PPvk0=","1HmxdzCXv8eNZU7V60bQX5aCztAWdf2hoBVXCm0Zwrw=","/myx3d2b0AV4iP+QwJ+B2fjj1oXJZBEd3/tyFR8QHQE=","i3G1q98yPZKX7mqBpq7M9jrxuHjPkPc+e4i66qzOO8E=","nixAGfj/yvOSZvvuTDqsiGFSwzmra4sIV3Q8/9CT4p8=","pxn6Ww3Gb8Y54Y8wJBW2IqeEQ5n5CQphg9cz36gT8Qk=","kg4Ppv79tCTvArC6hhs5xQagUsyuttOvhYdBqHTbqPw=","dUNPOLsRKZ7dcBqBS3xqAHA3sz6wCy+Fd1hALEb4RBc=","5SAQwXAnelUwafxiTV0xix8m6WMy5mEnubke4Pe3i9o=","Yrl5Amfg+uaD3lsqPr6CaXzDDIyAHGCaVsR+lD85tXw=","pXOCML62W26WMNdgQwPddGkaCGY/q4kOpqhNNR08v0E=","qCUNe2Z8hg4YxbK6LJ6hl9EtyJRm0AbgYEWco8EVdQE=","0Ir9eD+owBFb/sKBiIOYDgr77By3w8Ybfmd0Vf/yqUM=","/chBuu+JNfZPkVi7dqBAFLF0m96ER50n0c9/oned33w=","U5DvgIMl/1EXBGj8uSmmB4EBoIzncn7OYbYu9Gl8MJQ=","+Cxi4+MdTohXJY2LxFevZtjtjPjjU+ofy9CIqJsbUuk=","Y7l7dZqTLPay9J3CksMH+yZmJPBDeC7PVdhpGH17msA=","KYh7mkMVJGCGbXl/Q7ng248gxSK9MiOYkQBr5gOwN6U=","6dJtBE7V+3twfS/3g5jOq76nMhBy/x7rHK3tx8LZ7IY=","2t4DKy1kj28uBVS5k4YBYF1i7QJoVwRrAsecFTySa7Q=","vaQL1dY7CB3zcovsOM1RcoDI/qNIkn1+xeZOhKxJaK8=","ueUkR5x/WM0F9XVzG/QK7mkb3wR+t24jUJgLa7yDtCo=","RLSYSbXI2YUQSgXP5HMiScddGd3hrBRzkxDu3ZZcYis=","EmN11/sDQ7c4Kix0FHGITlJC9kVKUqs3M/o5ugobiFg=","HRqeahHroaSaZmC2yfvWj6Y7p1uDK6rtD2izIEkkci8=","fehcjzz69L8d0udeMpEU+ey7F1lbNnXvi/L8bjhMfDY=","Exo/atFFiQYzhv9NMI4VmiP/HN0IoBs0ga1tg50s3ro=","qt6U7+YjuFl/wxxQ+D2jyT/RoDoD0MLzy1E9IWgJRUs=","ybKDiMQLy/91ky1qOC8HKWadkClxjNAdJI1ml6pnBxY=","wwDjSkzebkEY6HLaG4WD4RTDMFa+lkuUHserBwhdhKM=","wcin9sNymCco9J0y2Hexgn+pFdmf3PhPhrvDGOvQ6GI=","Nc1Kkxnh8alXm30dtgXvCtvqKs59AdzxavwNVuIKn3I=","rLp6eVKs8ryhucc/XD9t0fFMzn/83MJkC9Cr3N1OHA4=","o3gMekuJQJvXXJ77j/QEXTbfvFt2VFWjXmGH2f/7OGE=","ks9GJO6zL3Nc2EHMZx2tBgkEIL5lHPcmscLtsfuDf3o=","eyEfqKZn3kAQThdPe2ANFvnVSoBho/1FkTaXJP6Q1LQ=","otoZ+jEL+nRiNFw8d12Xa++P1CvkQmZp9AnuxUip0WQ=","hR13ghWBmZ65w5VcKLUf7BlraAz8cgFvmxeT79vK2HY=","tBuXE03HPEoHx1kkue3VFqJwAQ1S7LrQmsOwam5XLy4=","6l/TmgDNtU/TBTbo8pJquvcPE9qeeuFWVuoqAfM5UUY=","NXpBuHEtwMA/7TQX4yKlrt90X1xo9S4De5xkV7qhok8=","u2tB0FxVah1wxELs4MmjTPNcmxZMHut6y4Y29Va0TwU=","gJ4mG4+dTQ0Q9FhoZdk30ePGQ0h2+ejaBHmnsuVmMiU=","wGkHRJDUSDIMk+NM5Qv8xrsg/l6HbWnAVrRPa0adOL8=","RnGCiyPzoUO23Jsi26vvj3IU+anrHMYKZTUOsqdEr80=","MUeK2OpEnhLRlIyjIQrK+ho0BGj2U0wlBC4+GT/U9RY=","xML/ZsAS/OukikHQHuyn0lwXvwc7wf4ExoV5u3LBdbk=","N4IE+sRatm7k0nPvQpRxYkdJqr80QPp1d+vEVlHleg8=","DhskoolV6U1UTA/1FMXYYl1AB2ck3qWzumgOohkuraA=","BcEX76Lb6+nDVRvj4xwa0YVhwfXMRAx8MK7R3DJGcUY=","lm7dIPprKRQapqv9LT1xb+z/xcrJ9t7eLy4E1Mi9e/Q=","vvVJM78ELEpk4DsmFkpudPZrO8/AWqdDmJptKCjP4Dg=","TCFC/mani7R21COZlXXOMAobK6JOe2dtYgHWRv/6Q1Q=","GGHIgzhGCM3iqlTfTLrA7rRKRa9FaX6nLWsYFWsf65s=","QTEzCn25nIADZtiQ3RBGNkO5MqBnuXyK9016ndIgFM4=","Ok4WOSbrbPlHaGDBzXL+6qTuaIVg8IN5UenO416DjWI=","/dfnHrvP1krLEYsqUraL6XLAUS1p+gGuexVj9e494vo=","PxNSq+hG+1ML+SCdb+Skx/597IYz1GdBWWvLy4F/t9I=","wvdukTAZy2KKgZmLEblgeF98zgYAE0h4vXzofSW0joI=","hwwyPrXM/bf+FTR8COBXdqIgMBWEKJ8yVHpbyzJa1eA=","eW4sVt8wRstJu4yKvxcWgVB7v8FOeoICQLEc1f77q8w=","3LsXr2gZWsSNnLs+HRvXVd6JRShjyMZPRAg+6LI1f9c=","JqSz/FdnGg0J8Y/Haf4j8e95izU1W1PlVTE3XuKi05M=","WPp/wWSdrovkXEzDH04B5ac8sP295UUZ6kf+u7ivKg8=","AO1ocQt8XJPAawjaj/pR2vUALNxzE9Bt041MwSRD4Uo=","/0l5lYMcyNqIXlFCt7UtsgS2v23JIR9xZXEfJk+PTbI=","GfjylBy0KWdigADubTN/41Qgxo2cH+dbXN3J1bPsvFg=","JAUKbI1V5zRQBmFn66uAC8n571kYV5J+zv7bk3XVdxE=","W4N6z9KMqMU+RgwsAnHuEUAhAhiBljjyhKXTn+pMzy0=","8sQ/Lii3IQftdaUTqOGJnXVUIGCi+XglKwb2/J9m3kw=","UvC+LhEybTeeQYxe64zhWWqUi7Wfw5p7KvzwIIoQXsg=","HxH5Yd8QJrmxMVclIxxaPq2YnvWeTe8n+7vXTyoLofo=","LAkgz0tx4irGFTx+96vkDz9vCel1BaVzTFOTAChLWJk=","+o0DcyAtN7dZvslHS4A5eBKS6dY7R016vfsR244Zhpw=","CwxBE1dzSicVsBd/xRWO+tA8618p5bw4glj9wxM5n4I=","Av+x4geT30j/05YhX2lEotukbcoeP2uGdJIvACWIjws=","rVv5i8aposz9WEy0X8rZ38SpXRb16NR+LSF5U5qqLN4=","NcXfkwXtSRfkqC1ZG5RDK+aMnI/FAFF1hkvuJJ96NGg=","xYYgcO/NcWuOBjGsXNq/bNG0vw+lpdPiS+oCWLrE5Ng=","GmYtOE4zrk4H7Ik6/BCpBX4/VNVR69BgWSa/sv8/TMc=","ACRIFR8J945kw/R5srcsxNMvJ3lfi5FMHeI6Ze0CrQ0=","Pr/fhKhQ1kowlo/KZXYhizBApYRTlrz/zF8diuHFlJA=","YlgnhbmsLdXPYHjyqWPTSDX5YbbZTcxsFXHnf5lJWwE=","M/8CdCVEx+ZAUC6TQwPTy3VhHOK3KRWumYkLRu4EW4k=","qfS7Lg/fgtkT8/ivQVtHR961uG2WqVjZmN3C0JTKAME=","4pnWi01ySH8yDBqYrx8cwrIODVs6x64PHuQ4DQJ5ovU=","SLPGHN1jofPMBNJW80X0hE1L6+k1jE6OLJs4YHq9DHc=","ldN8iUEWOx5hZg6Qt3o8rEVQtIrOCzY8zqYlXxeZoCI=","p6FxPZwyFqQYF0LqK9DEo3P9Ay2ii9m8kOojEDOpfXQ=","tlK9F1cXuMvCGy77KrfnIdRuFgAirG66Ni/MRzsiZBU=","ARXgTuFsOBSa6ZBGcHqAGl/XkRIvNoUaRi3yk2atzKQ=","oC8MTEp3CQyfmScCKnHumRkSB9k6PMObAihTHL1bVEo=","iV5uGyZlLOhNEv0rshUflTtjI4CSP/vDxoK8DVhlQ0o=","9fyzYRPdDGGMn+6OwztM7KCbA9AovJ0wjoyPSd87Az8=","8kDf0Tp7AhAD6HWkNhhLaZnA/v7ShN+erEDG+IpFEgE=","IUlfC/cCBnMY8I7lsUGg7P9eDe6nGq4k3QdmHh+WU78=","iRFP6HgyhrrKyE6pV7wWlym6dnojoh/XkZ6Nosxo5DQ=","teRPdl3LYMUCFOMf2vHkBzIEmBWiHcJhjRkppeew474=","4do8j0qs4uJmuOHdJAyVDkml+65GfXxnyCEwKKaJJAA=","JVPWPAh9qd8JdMvX43FG3/Nnk0RmLvv5odwtu1i78rY=","/8spu8SeZjDZmVz+OJ25nYE5BXcUqMkRoj7TL+bkTbo=","TvOBqoTgH9pt29XSzhIB6Th8e5XUKwHi8VH+o1p+H6s=","8wzXevS9RQ/zGs9NfvLGyZEfvgU3y/ALVKHO8qgRgfs=","Rex1McBiby2vzpjRGV2rFGqswgTd4aj3wJehwsYblOk=","YYUB+iNHTFD5PiPQBmxVYthyqgEA066T7qO7X4QCcQs=","aYx9+CANdHrb9qAaisyhJ98ja0lv+mquWespNLUu0Rc=","pBlWw9jZoZlMc+1mlglAUkBD1Hmnc7ULQtDuB9f8hT0=","CRJ0TJSS/mR8n2mTvR4fE/6TxCNCIKqq0WCPwCSfi2g=","oa7o8s9v3dVF+0LRBYtZHVxQxqOJmVyjiK42ehwOoIo=","YfJwbUPjMpDNWkG7fucZqlNe9iLJsG8AnA6ukoRX1z0=","7gIc8JQKI6YX9n37FELINUOuK7t9ypBEkJhKXTqNHSs=","Wgv6Ylv/l9stK/lIKE3rsM2J2mZF/6wuJzdDzJ65RGU=","uFkILGmkvhiDFKz1vK2jLyPIgL3MI55K7Lzxq8+D+Bw=","mDfUxrWMaJfh9ndfwG6XNRtrIa/SB3eip4M2sGlPevQ=","pJxKcAj9+mJLGnYepmVjwkkDaDX4u5BuSStfTFk9z+M=","p+8Epr5YHe0hoMtzj2rQmDLgaSs1eFlslgs9WZk3JxA=","7u8EHkT7IAm17wjrCWR0zmKJ0zfYWlh5bIXCq1W2AFg=","rFY8ZN4APl8hpcyjReF7jevWJ5Rqx0Gs0dPRS6zW3tg=","uZinnQ/L9U8SeQ41CVlYG2dD/LaVPMMSDEfjEC1lDpA=","g8M0kDnqcOawfv14na+R4CV/Vv17caWW/twmgIcF39A=","2sVGD4GFIYKSvT+dm4rlaCO4rJRN6KOJnd0QqLDK42k=","0ROvJAJ5+aHfV3UueYPyqQHG+faOlW/tVsGxgyEUjUM=","uLqDkYxEfkgjUgxAmg43HcW5wAQ62clq1sZvZN86VXk=","HApoEMXgiqiqiP26xoX4i6ghItsSbbpfCBEqSLWPx0M=","adBjU8Jhiqm3YjDbPwiyfF5fLRXadpfUYdq0toDTGV4=","5mb5RQCJAhyvhbNPXvcFNZh4F7A2wsv3cF2FIeFNBpk=","gudOg4cSdehex1rEJaix0PTsJorkxlsVtErhrtIHXnE=","img6A5Iszmui0ROEnpDTaUZJNJ4NLq0HcE+UmNBI80Y=","vcgnbSQ+ScP+ppVXdg32ZD65xKaj6fXmfZW3arCvkic=","xbtblNI/0cSC8AUBbYN85HuXaENnue1y7+M93gh1E/w=","k1zMS7xqpOdJurGOmjkLDeuPWhDjlD1Cci1afY9nWcA=","O9q95+LgvVFojCmW5q948sc0PN6rb6tyJdeLsoYvGEc=","5zxaGNI9VFR7vOI9c3/Asklutq1eP7Fd5jfFY3tRXQA=","cjR0SB8l8aro26iUMNwz3eRVE9jqqTNZPy5ue52Dspo=","qGDFDFgHi3rz/mnxdLif6G1at/oJpwEAcGuzVhPz4Z0=","Oa4alUmEqn/5o3OaNeX/lEgdl8OEwHxV0C3ZzjNVj9c=","Zo644gpP9T+fWtUCtDeVEccKTRu7PngIFNZOrB1WAMk=","Wp9cfHIcylgGX/R0Y7cMZJeKI3YJPzVTms18/usKzlM=","qv1ZbybN5cickJRHkDus0rIX+smupirGw/F5fEn0qWk=","yTTK1hvQYZ3FpoapM0LfUrFelFSgws6+00tT8ytBdlA=","kqUMpjR/dCBcEpEkOxkH+f7a3uVZSGAY4JZDGm10xhI=","BSdwQ1qpCX4QPkHlrpnrGL0392a3T9e8GxrbYLTZkFE=","JjrnZ8HvgKzaTGGTyTdDT2WRzW91tx9XltlAs4UP2qc=","DVOQL+XZsZKt6gmhNHbcaOs5uAERLXDWD/VngSX9mqs=","QZgenLuMT3wUrQYouUW8zonvdost4Ey5qtifib/hgwU=","HLIN1TJIAf19uvj+pUdTWEqUGNdZevLu2Z4jnEdt+Hw=","TmI3cpBTXLyS79Bs/lxqZ7SriCHH8DRGZpVBisxGzqY=","Cx/kYX6GYHDZ69JcHTy5V3l+yepiNJYWmFwRqqqflEw=","UmwmRM5nZz+wIRQugc9ry0ISyaA+nWRV9Hl9pFWWXSk=","83CnwA2rwRaMPlVf2otfgS8/UA7EYniETQ0aMHP0+Bw=","E6L2KHLBANQrpGCILaRvQvvnEPa2l/jaL8Ozy+whGzk=","EnvkgenQw4qSmunxm/KuwIgoIa0TNUjBZD5J6xl7Dqo=","qfXGm6F2ETt5GplBlW8tA++j/qdz+S20nR/nm3NSrTo=","f8K7HDGDBZRsAoLpt5j80GwwtF7DnWL0c9TWee6Kieo=","xnjiSz4i/z9/uCCkP6cz3lg4N4o5AskY/ZN7cdg7yn0=","h1hHavP7qz24wY+m+XqvGrTw55ayKO2ywBVyClN8DGE=","PGhdH3ohQZ/FA5Tt9ZadsfXuozGDcZpQB3VsQaN2ahw=","bv8Tf3CuArh+CmccctkFf0f5sNrmatWGmtKeL3pJhLY=","IjijIJXNaNqFPT4pE39qLxoAG6s+qeC+ElbQcZVuc84=","njv4XIf2TwYhYKxt8iCS8eN5Ex9dU3KmKTyO3jAAiIU=","J+Y/q2LuwaVt6dDvnpzq308be66OeCnzwiSfn3t8av4=","gL/o33d8yLRO1k0d0a6Xw+I+lOgSYG9zQHf+m6c5Mmk=","l33Ui2ApXDTtTmWGz6m5lreOZzO7QpUnYqcjsXGfo4g=","/yq8PZELdxfSI4+yTFcYB0vodfM1WG39+H4qEtni/1k=","eL5zTkGSyYhkEiK2oAl4LGDTgz2ePCnauAdxCzlH7bU=","DaUacIf7jIfyvS/Ey0BfRSAnS6jAcI5CvA29OLO0hTw=","8q2iLMsCY/d7z6DRhG1I79s6U1BJjbwYW8P0U/0aTZ8=","5791iiqgg/CoP6UFu6vrQCaUzlle0X29N2QoPvdvEXA=","pr+9yKik6CMOs30ShZijRGp91ruaLWwP+WELrrT/s6c=","yBis5ZF4jWyLGJJQ5e5PgO3vi6B6PDRyWZlA1vBTyHg=","Z45js709g31No12HlmU2qpNCQFscZVNCj3QnQ0V0VI4=","j/2wXH5sHX4nv0LjLZH2DdSjOLTK+iK/xRq3fucbu9A=","RbFcVVrRk7eX7DOshUk9bor7r1ys6jRR8K2RAitNQzo=","0uOAI/Msi0D0uSUIcp5MYnyh5ytwQoNp/fsMfJG6a7c=","ExfHwOMKCFhb9IePkve9sXYKPFQYVkLgMl6IwCuJC5g=","uXj3zi6f+/mNMNx6z3OrkKbcJdYzLZ9ACJib2ehkXNc=","u46WFx6sJWvzKa/H47IP1F1VCKEVkxSxDNQCUG+Urus=","guIohVsbGUvwoKPapSuCePbgXpc5M2BiKucsjTbQLJY=","/WThaIxCejF9/JleGmm6WY33MmCZjqKdkpHxCK7ApdM=","DXtt9zmUuuzjObpeJpKba/8aDCuwEXrdnuOsSKYtfj0=","lC8vrQYl7llayaWKgsdKHohnmpIQjGJ26kOUlUSHPyQ=","PZ8lQ1zWc8xEieGpXE8uD4p12iDYh2NQiOzVdCGH7i4=","z+KyBMIAfWowwM4OsF9qxvBbUqSqJbVDKCZ8gepXDCE=","S1o8ccsI1Je86pn9dimBqojdwOsL/Xz6DQSPnQ57GEc=","NfmEJym86QSNsL/tQ6xfVrD6X8cbaY5bHwP2pYCGowA=","hB9JVtY2VrZX96BczB8Pq0tmnwcd5QJI9GXwatHCzQw=","mDufVdgJWIQ4pD8ZVy+OQ7PmlqUYBRazXw96oiOYo/Y=","OCnviaSbEJU9uSmLwUkpr3KgyYv4vPtrP3NleRnsnNw=","N172WVWZCbutzphfn3t66sCWi5QshBKVn7bSNq/9cLA=","LxZ8sq5kMHxTqUwJy/HoyWBZEjzxMwQ+Gz8EXCrD4Z4=","IVKLKQrZDN5R3slI7vl4Wfegr0xMbjknk7earqDOoj4=","BwC0+zbxUnmYo+SLPkfZBfB9of1PPb67hjhq8yRpmWI=","VAVbXiK5PKYmu6qKM7xqqkI8KJYyWCxWjlzmio5h2Ns=","e8n5uO2CQmln/caZ7eDpPpgwFrwdQwxCLDeNuCzclEA=","o3g0JeBl1FZWP7uBOGVl/6N5Ub2Dw47Mvaw4teXMp74=","BLaKhQSVUxFPBQJX78XIh7w7CXaAiJDvW6I9NrrnRL8=","0RWfQu2pwa4J02qWrFXGUnB+sCXGsnu5NRCxlCMIf7s=","WhJbXs5mOawWbAEXaLbb7e/KkzuNfD4SH6/U75qYCHs=","tyDmBlSvhYnSNb+5zZ0AMwgsyoXGFgDrNSQl3b24/Ds=","SjjXOWuCzZFN6ZStY34hdvVAn4mRsT4ejzfSxVIqr9k=","kdOpGEqk/1ylt1MkkDfxatBwbmXfhNM+7hR6YwYRjnQ=","Kx/9TPyx1Wulowl0K8m7fIqnEoxDfmjN2+cnZ631+S8=","W9jcY/AAo3Ck7QkWtBeE/T0LSpwesfJ03AO4/CemXz8=","ZHFxmmUFImSyik6czXelor1oQc9+8WsDYdTjVJpMlZ8=","YwsfsEhOPAzXnxjuTdiBgBwJmw/8QuqVWD9fD74fXqE=","vBKygPO/86Ap4kv+0aYUv4We8vXY6IrVZAIIjXAvQ0A=","ZsRdkBC9ynsLiK3Z7dnIZyBzBfhPm93vNNxeyY/6ZYM=","d4b/nTKNVQ70wO80uCogfUlsTVL9ZC6LByYNYN2A8vQ=","la44Zh7Cuo1RdyxKpxMv8JT+Aw8jwt+pIvx8DqmQOME=","ey7oFljBbgbqUS5e8TpHVbnS/B8gdkE4HIsDTOIpuVE=","pROMR//aIoyVzWL7tUigRzO7kpg88h3IL6iXCobyZbc=","9ml+SAY2x4Nkc1ujzbny8w9YKRQE/m7aTIiZrTh2YSM=","kxwbWV8omIDBtfMQ1kJUepJCPSAaklDpdSAjVpQL/nI=","f55H4j/HhKy8AHm/Wi03CAFaVIXSyQFyLaOUa+ZTp2Q=","n5OlzhBnsnt0fqUFEgPXVZK6hr0VZ+TRmwbVoZg6wvg=","M1aXNvLhPFmzRegku/qrggR0GNzvnmP5CM7JZGiRkwg=","WAZHvibv50pzsqXosUKK0155WFHaXMji8SKjtocYOc4=","ciT0osqRouXznOauXmW/wqLtt85/LmiGPWfnTvIDPoE=","232IQeUwzJ7d9e8qrhgr/NyFVyxk4nNxZDqkV6V4IUA=","5nT6P0W67oIB0Z4biz/5OpZANB2HlvJFLDyaTHbNv3Y=","RU6cquxc25UGFrr4JPLc8vH+DBHaXU/u2b3rTKc5ymY=","GifnqMQoHlltxXY/lCjqT3kL2HvA94NUaRHtaRPHPeQ=","lRiR/FsoK7r6m62c+f+26+TIPKcO1CeCfEj5RAaQWG8=","a1AsqqbRyErN2tB7Gcfiybcoxzhla6D1svXpCgoDU70=","KzWfFDZ0TnviSDjQtzV5ZCF4BN4ykvIEcJ06DBfi+UY=","O+/l79+qF7JxGKO0ul3ak69TUwq2dWLPcdVyMmCA8uM=","fcsBiBVUstT7+bV0yhY+8ngpohhhZ5cm8iUa4HjHB34=","5sDnKkQ41iph+5FSqNJ7doE/ImtMHDhY/Cj9a7OIY9w=","W4Ntr0cLxT/jy6+ePFkIiMAmOtjkRdQn3DEmCOF2Pbw=","HtT+98Xapy2hy/I9iLngiJQh74y3oKySfqOHTM0C6Zw=","xKkd44JzLHJRsDA0L/q8q/fZjXW6Muy23ig9cqmGxxM=","EQlm5b4pWgB6K0fZgwSrIYLWPuGH2O3QJ48k/llN0v0=","D9kixwoqNocz7RIJZ+Gi28RQiqckC1gff5rUZP60k9s=","Vhp1rHtOjJzAFrFLMAlqnYCuiYtevYb11ZY2MjloHHY=","R1mVDsZh1I3MweB8kb1v/b8KSbNWBb6uJ5sJQcy9FTk=","CX8bI9eXJkNsY8nGdjEi+snsW6PuSZ1lDGWnGMKe04Q=","OGZtgXw20iGJA9AXKdURKR/Aw6cKyQ1nGUG3HZES8x4=","QkioPx/RvCTG7qV85ISqtdcF3i6Uw8G4dZ2BvT5uGbQ=","rWcCSiioPt50kR8+ewYtNoq0+spFRh0KZPXZsN3f1tQ=","SHTlKU1yIRd/FmZfXPDX8MKv/ljbmD1HsrSPOx8Yop4=","UadphwmOv1TJ64O+JvIFDoc5OjaKjhVkVCdtWKGqpMo=","PPrY1PZ+Hh16njZp3OcAR29qYQw5bnBuMJ3xFLEVwy4=","qn/2Ha0B1hKLFwWPYIfsRDEXiFFRwKMvVygvCI/75aU=","OZGdBfNxP7OMsw0UqKVIarMHusWqgPEirhPftrpXx50=","UdlIHmL2rGxBhQkCNOi81ly3Tl4zBIlBAiuBa2/eDKg=","tMmB4JZGhr2l64CQlbb/52lb6PXnk44PJO0jC7PFykA=","mlxvqxPs2Z+Jo/QQuBdR0OpUbd377UHKb1bO97SW9zk=","sTSDt4omlZY4pJF5HgFYAQTsVRRtzcAkQtrHjt4o0+Q=","St0vd8eH9hC/bLJfN9pEmSt9gYl3w0qnQyxjc60E5c0=","lCDer9MVgJdKfWPU1aUkup4Ta+mmHfAxcVASObOvvZw=","INPNQmOnfh9XW5mpr1QP5Oj4XOvU/8FoJufuOFfR1Tw=","64776t+OAtGbErkH0+vTEgpABg4LhzrWXiBd0T+CTrU=","hsw2f+5+HGvf1d+Ei6ZbSdnWyIwwcIgsHZlC3ZvPnRA=","JSUjgClkVLbdW/Af6ObrIfh4ih6nXT4nwQ+8cEcf0xs=","rndTug0CQONcMSas25O5aXjNz0qrHKAuX+ma2zeCUls=","Bo8nGAKKZsZukhVxJ0zIJuE5IvjqMPM7tMOo67bQ7cg=","7Y2f8rpmw1AfqwiBXfEKxd0+Q8Q1GBpD9fwE9tgVfDE=","mJ7WfcFnos5APs53KeXyPKHgB8yTmCaVwszkc3UNjMA=","XIg8vCBOY+KeU9TC51xvX+TmX3ohgBPP21Ks0eyN6T4=","B47KqRJmcTv9lqe6LZirKWtXYu0q8X+UyAj041cDOqo=","kJ0T4JVQqOvqMEDt4ixBMH0rjONLwc34C+4OGQn6IMg=","7d1K8bJJA8mRlXMgAQ2MEMTv0YIe8eaAh3D190Jbd9s=","HflZatOH6d0Q0E2tbNLVBId3DO3sgJ0gzqosF6eEC4s=","Cmd6jUIdqPZz4qAawJNc9zqvckgeb5S2ty3KYFG++eQ=","AVCR7xe7Y8pffqIKYAPJMHAquKBNhEy1Ut9yIE8qdHM=","sv7dXK50g1Fjz4GhdKVYUWUKRfI7+ab+SEx17ro/+Tg=","3T8e6w/SBLRtsdfH4+DE9LklEaUyCE1+nz3a2JDi3m8=","eC8wpBQHO1WtL2Oi/wuDiyfkDfDCD5a7w43Q5enmH8k=","Ua3K2PRlsnCjEZaDmjRPtrd5IHrVDf3i8X8RujfoO7c=","wj9XbuM3PAMDQ7QJ5xVlGSeWy51JEiVmskXGGYMeVxE=","7lfHU8lLeXSnjYfLgpn4l8MbqmAjvBJbhDtfFgKNJfQ=","wmPSBY9yAObbrygyonN2qBYmd9Do7rJ+lKrUN7Krm2I=","BGIO92mrqgnOGgkhvSOxIpjPeelS2oZeZBeM/wwQQzM=","wJEXFXLj+X24MeAP8VFuWpztfZ8zzlFhMXQjSG4hh1k=","mF3FEbE5WKiUsRKIBX5NjoqHh4iUiPIKEbUeN3Kf/w0=","n0nV3d7TQvgYTArprXOU5Sofj0GsfO1WYHuv6uQ/sm4="],"block_size":4096,"path":"build/main.js"},{"block_hashes":["Nv3G1IU6Hi2izyYUE3HriFBWZI01VaSW9AYYfzxcH1c="],"block_size":4096,"path":"build/panel.js"},{"block_hashes":["nSYHKggHOnLDV81E54SZhD5yKVK8k/nKpD3+pYgX9pU=","kmHpk0VsRwhbTz3czUBpSaPtV1yryWqm7EHkUDFf+wM=","uMR4CDOAs1eUCijO6ugmgCjaj8epxMGIyMnvpHtPgUo=","RMzaCRJ8t12JkHn3/R7K6PybDzBiuOsB7K7kx0rlqk8=","IWV31hJrDhoAROF7T7fbIIExGTL9WMuUwkrH1gHGLns=","8PD5Q+j/3rfKO5VuJ1s5oOjTrvlmVpRdk3IYSLqhP64=","MSE2RVmNRch7oshmgHIx+uUyh6RgViX62RzXAR44bTA=","yTV8l9YW4Hd1KQEQnFqWhr8xKfckAcAWufywHpQd26U=","otSSjCTV4fcMadqna6sZYg7yTevIn7+aiVPcD8+NU/A=","77+8GWaVDUO8+aOCmiuHATiEob6rQut0p73gcjTp4So=","eQyT6Q83kxAbcbmY1nAzaDp7mCb5r/GiF0AHwezZO4k=","2FC7nI7PTJLbCLvEk0zh7ogy/Pz0BfutIzu2wWx7rd0=","Q23rfW9qWC7TwjMm33OLpKKvzZjsHhCjQ5l1S3Cjumg=","CqRrvYH6FqOXfGYdPrON1+5/DlobzmOXDdS8ZDvWpKo=","UoC90Jp7vSCi65NxWnBCN8agfBf7tPSlXTfqvDuvplc=","/7oIgF3aO4eevOCPRAZkC6DmnzdSaKvIpaS16rgfZ0s=","8+98TQaOavEp/BY1AWephK+6n2xrRdGx0LiXH2MOLmI=","kDGlN5Zk9+W+VBsBvkCsWySp3GDwqX5b48qZ+yRLnbg=","IQ5/Ih5DvHOGfcWqdNZGe7irQafGRh3vY3Kmhtcnk3k=","Z1d2uViA2vucRBkJ04t6KjbKc/hXV3Bxj4Z/LexYk3c=","H4CdIUn0AnLuGdkMNMW7goEWwZ6ZtZER0P7hGt8MyZc=","zKZv6xpPlKAQrNYKk0H7lZpOF7iXmyw89LGhinoH/dc=","BwUBbqEsYHssk74dW8E3cUlVWkBR7j23ktWfaPMOvvU=","pPkBjr+z7C3m0yc3ibjBDfqO3tRM56CIpgzGvDLgUt4=","zF4RUo1nVb19j2NyUekNaWWjyxVlyLSfY5H8ZGfbF7o=","JbOrAv4zLTXhMeZzTwCHN89aCEOh018lGX8v7BzTjE0=","fRcP6j1XMyaLfnkYK8qBo0zGxR1Wv9gi99Oh/LdB7g8=","DBvvNZhO1OEtmYbmJqY7+7dHtfJBClIXEVgPHCsmUsQ=","nhSHkSUTxZU/vMk4595dX085JOyKxCKXKdBQMkywVUE=","iEjWqEEzjMuEKwJLy3uQllZjnY7uWVqgPVI8s8KxfT0=","SXOz727f5Pa2cVhdPxLQXcUmL8sm/dPRVACjzQE9kr8=","rDpKkMK1Hb4P8VzVOOIKMjntHAVG/0BpoRpTePLPk/4=","LOE3q9Ba4W33Pe1DFYzrFjgXDuFxIHqz05V1CCq7VzM=","N43gCrIo7AGdcUsGgyOasZbZQpcJ6q/+rDLpN0OPbyg=","wLgFsLcRaCQ/kxblP+xtJ+uTkildAheCiwN6WyS5R/c=","2d4q4sIBkT07YJZvC8VYcMt81VU59bwm/4XOiUiUWVg=","vmw0jwjV/avSILVXuTooSW4yA675+FxVmWYaKAesd7k=","EJDnTRz6BmEzy4r6rRFBWgjDTzAh36tSuSyliQQnU5E=","YxXmpJj21Jst3oG4JkBfFjypKA5fxuLK89jCGfIjwWY=","06zYQn8d75sOe0zeNgqTECg2TphbdkXLf2gzhjefk2k=","lpLMH4OyJwbvwyXG8RPaSK6HL6L+Mg5cb+wW5hGYCXY=","klVcyE15FY9BDK3C5hVFVEdCObTC1HtcPcBawV9b3DQ=","fNHACxprG5PV1yl5IMvQU5s0pixLKUUul73p2Jb5Y+c=","hwzSiMzbp78oAC183kbf287XC6s8o189u80AP02HDNw=","5PqXXwXarXo9zNVYVr6BDbmFKM4p6Jk8pRP2e46O43Q=","liQrMExX96HmkVGTQNvBUh4fhOwGff+jM0JT+webY/c=","/PNUqRVUwi90wo1PC5xqquNpSvP1H4ifDWwqOQwqv7U=","DairBJOv0+snlT9/OEApYOr/kO0uzm+5FXnxXqp11Ak=","eDeSfssIQi6fQHnIQAZZLQhe+L1/doLxw8ZiU9OtWwM=","qO3Q8iJAFAlZyfpkLJkKY+AEgubPTrnYIzrt+RR/Q88=","y+RTQo7AhVUgQnPWscJTn+tHX2iC9HXJePcWpJ34y78=","MXkhD1OQ+QG5EKGij3wQI0K2evWElyezVJdWwf+gaCc=","Mvkiya4p/7M7DKITgIGL0L8tG4SpwgggAXDtRgj+HCY=","qmiZH/i635vR39d7JUs5s7+eH3fFjsWwQfnWtHNopyQ=","ZvPKpJUFUMkrc2HoQ5tmTUYP+3Y3EXiacvdLOo7/g4M=","g3h+cJf8ltxPbb0VMs3q3b0edZd4SFMEd/zFTnYS/hI=","C4DE9QGY7FWy4FEocpBK8gD2scsIQIT+PB/+ZgI0EH8=","dxNbdK7NLX8KcOmq2Km1me9iFqZA/sByTmj7sd5ft7E=","QeKWsJTN1hj7iZW8QzUy0Z7c6LN0ATSXiULFf+k0CBg=","2bj3vJBjwkDzDFwe1bJZM+ynsX9v+MTg1KM/F5MGVsA=","RMsM1eUUCOlNzamTcypSPBykL9IoPtPZYxpB5S6izNU=","9XiqfoFHEgcIHIfM+E6SPnUJtbPyS+VXMN2UJQCB7U4=","swaGK+v5evPXzgCD5vBXzIcrg9Caq//bGtmVIpOEqOw=","qkIaDqFsAJbLrQSqpxqtwI1RBSxrNSCFU1jw3b3eI0Y=","tvuckSHhvOdRVUoMgIynx+1ds81x80ZAJsXRVySGg9w=","l/NC5YzCQvfGT3hy8/qgNvMQK2s8BBUmEgRRUvmwjKY=","kNeXEMjH37Q7/MeoYFfl32WALTh4Fnj3OIAC3mziw8k=","xkwpW54l/oxezCZw7eAqHOwSNh+ivc9HQqAaFNjZ4t0=","9uq7gDzNUbQVdlThVc3AbsgeVHElukUP17DqyPpS6G8=","ERPfqvaVqlKpD3PsrmBw4AfM0z7LN0hgA1Qk6J5Vcwc=","Pmj9DZ2DkbBySL+pq021ws0BlOUqyvBFWRf2inMBdpE=","Y94aiPwW8RUNSPSmZj5W4Uf+Ddct6pg8zupph8sB3TE=","Kz1ygDYYCOmVhMisr9tk0EixpCNeibcYhYO9KTJvIXk=","XA8LNqQIJfYRbhuwUuMu9pCjuEXcm5Ur+j12NuHbbmc=","5G7KX7JVq6qZNnTGKVOZ6ia+f7eCITxpHaqF4mWQbMo=","p31oefbmXf9RAikEeV1i+2fg6wMkDtNbQ1D9o7viKE8=","HtulKMq0Hy2g+EudrMC3Eyc3pcrimfClDC61RM6JzCE=","qHsBTeGKTgTLpiWaFfxXBBwXPSJYEUtQROhzcutt6H0=","o/Xz8v3xezpmh5lo2gFvK/UZNB95P1nJK8T65ABRj54=","aR2NxQxjjPZ03VOqG6+Eg7vYYkOlLvVbxYMPXwdqSx8=","lB0PorQfL88j9LlybxzkLPvbTtblyugqJ1kOcFRySqU=","yybMQ9pZ3uEScF1mjK0bDhpXRUgoxr1GZoU8NnsHWBM=","oa7Unv64ixDB14gijCQF0ikK2x4f56LrQgUATXdDfKI=","zsf8JGp+Iw2Wzl/SZFwnD2Xtj0N5YfpINbBpmu9rMes=","hGnclD1X76/tK1gFNxrq76kUBcW6oN15li4gi7iyDm4=","YbWCrGtp/u79JAgG7QB7mizj8fPMX4gIjg6lmeDg2PI=","353XTppWXA+nzjDPsm4zmVDYj/XBeyvkXlOEpJKTjcQ=","HtPD6+lO9YpCiRkS+/PwuLPrU+WHxyEvMZ7nskecNc0=","9AEBm8SPAb3KWbJMNSm8UiAH/Wwn/BOHutg6bP512Ps=","g3ta/DIESlIIOwgcRi8m6Lo0kGeL5R59E9Qom2RhSwM=","m/pZxzWk86q3zWcvKkBFDkVKRWOY8VavDrwFgaGZrzw=","Vww5i0W3/Y7ZfuBpae/C3j752c5CUSsb9MuAyLUwRMA=","taelyYhQZ+Q98EwzMPZ7SaBc0rMIoHaIaq/Rw28+5Mc=","Afb77zL1D5yYcWdhhdwrCT4kdraoMrhD0wNI8zwxBwI=","ICwIG5nb02Ouv0cyoPebJBSwU46GK9z9jTOGr7BLUps=","VPGap/gpPx//G5PdMYVLf2VNNryCcLJ/8cZZbyDDsjY=","VC7y6T1nmNRfipDBxcwWQslZ/ldo+WNX+C3iEiDGcUk=","BO//r7bPCJmjxel+N4RTL50oD0avIiFoU3iFswBbGWo=","lcRHme6m6KNX6imzV33bOOu2yTXfS1dw6aJp6qVFtOQ=","PwpcC15ClXwZ77WgjuG3AzCgY87uFve9Ui9260RSaxM=","G1IkO1qIHvIwxEjAgb/5j3ZK3i4xztPTiomOPq5SWE0=","4vKsIMQUnedjcKTTQMeNZ0HBLw27uJFCcjMbCITMW8U=","8yjyQb6py+/dGo1TR5XI/nUiFUX8cVORjBU51drfxLk=","d0mZT1UJFkWI7yFlMGxzhvFKv66YB4jzkIpP3ofRWeY=","M6dEjX7YDtA3c8WuWnR2rCqoUQejMI2Vl0tQL/bxO6U=","GjQSzuCLYq/eFhtCfmQz1vgnIty+8PMk1Rw3HYy8eJc=","Uap8x2xx5dZ1h8omKxTJx3F3InRnLN/5f9xVqweDF0Q=","Xy6KVuX0WLnr3+1MU7ykVELPzyznXCr/CEoqteQQ2kA=","jnRI34WTdPwriZJ8QWjgcRCNkYH7oVgfj64xyaEZEnY=","FXPi7YeiaTG3Z5WOdEcHq1Dh+eerNP8a6m86C3B2dFs=","9oAhzlXL7VimAHNuMbW5eiAz81VMfrp5TGIpQlWsVYs=","NtGRzV5HFPcpXfg7gcIl0xSFTqKsaJ0kGgthvc3R6KY=","vOlovMOAqqASUI/l5Lv0VrlfJfk8rLZpYwnsnPXPgng=","bFm9a2Lp4hG2q3f3yTxnSXpl12BoMrg1IXhvEeltHEI=","2kkAfD/reLzaIs0/yakDswPD0U7uEQsMb4KJ1k4zgSA=","Tp9JkQk35vqHI1ODMyXMYk5Jv1oFZiYb2HaQZtgEths=","59Sfaf3p0r5JPt76hapLUdlYGknkIBSLwoShiupOdQg=","4/njmXo1qXqNNxi9ENO8kTxDTk8bQFKu3VW6FfdveRY=","Oi42roayzRrj+nHoClLE7n1aZ10dsGLuwImt+pnybIo=","Xmh4s5BnKe/W74jAzMvy++oLqgJamy/VDnMvhCNNpBY=","BFYOU71qMZHBewK/Rz1fft+k5EVEE5k5UqiPrgqB/w8=","IeUECR3Q6PEZkAI5dgi2vvu0EzGLpfar/8q1VorF2Vc=","aX8Lqi7NNI/MC30dLCKbA5KrKdoXXXJbqvUWPAssHKM=","/3Jz0g6llJdagFwXJRH0m/NPxzFrDcDK7VWzYmlWohg=","XzzMt6/d22l9pggO6v3Idf5i8/2c9152CTEzwQzkytM=","Oi67J+SZgwkKQ1Jw2Nw2VamUlFvKehCG1vveEehQgIk=","TZcBM8VuITxoIhIJ3nIY2h3plfIN4kuvRNKaJhvsGjQ=","et8JY+uYDnfJU5hgBQcHxFGA8HEh9PxaOb1OYVTtOAA=","jqBOu9tUW9ak35jzZnHhbpm6V9Lk95acUwL0Ns2z0fY=","Dd/fu2xTZvsqp70qN9t2GsJ1nltiWyjOXXkjvMrOK10=","qkrOPY8gnqGuZfLgmw0bF8f7yihj3D9vJ5nLBhhAHEs=","etDdS1C9QBB3jrQhJMdLRrRFVellgta28jcXG6CsK0g=","Bp1EP1fA5/SHQPhGZ9ussIGK6HTLQD6RyOq8cQ4tx+4=","O5UTScKklaeAkRhA0Xa+x1Srp6yp5nr+bMvnGKBoaoE=","GYFi6WPw5BGMJMSq3/O1uxHKRPVdYnrZI07o9hqgIS0=","i3M/qXum9ENaU9ZOF0xiIioxiLRsOXgy1DROJFQe2Ao=","cjvWKBO9y9RQb5A1Hk5FhhacMWGCMoDaA9JDVnvMPq0=","gyjEkuxDrhszyOxiy7tu2C9tbOYgc9071VYLNQzJ6AQ=","2z2iyu7quzwqbl0sQNN3hoI9sN1Q0/yGhmWCWtD7oWY=","HaMmjg7xhqnAEJUUPPvdBAVf6lOBGnF/KMTNSLXyABg=","WfwRm900f4+H2EvoI6yL54Rltl+rarh5AS/eM8N27Yc=","tf+GKJNv6eX229qvRmFe7UdgatA5PwrqfXa8TKQubWQ=","qG52E5K3GOspgvBzT8jJOsC13rc6GgqamjTc/nlD/yc=","nUy7nJF2zYW3jCUldejztpVjzTVUSIic1cwOjUWgCag=","lxBoZr5rl60EDPABi18ujGOvuXJa4rf7KV5gKgHteHg=","u8UeLRVnRcxFbQwJRAIWr7MarcY7vHNFKs7TuBRgwFA=","6QLJm+yRWfOZinp9rRO2rNEw2h9znqs8iNWpwxCrd3s=","21JvBkJY8cw9QWH6UoY3eIXSch+X1Nk8KWaiUemm+XU=","5gk2F8MySPSzuMDcmiJ7Tg1frw7Qjh/hGDTTCx2VN6g=","Ciy65YW4BmJGiiQTxqkx0RsnCtWUQr178A75RcpI6m0=","oqOzJna/73OFe1PwWRg3dg+xycfwfTQ2Xo0ODSQZ5AY=","PlbHxeAF2dbJTVDlvezP2DaNaL1xD6ZnbMC0Xpuvmzc=","jr4PQQ1NJ5ECrG8BavnQb3BfQjQm9aQN19x/4V8cQcE=","+7r9QBF4eG5H20sc7uGCNwqUqbo+MhnyBK37wRHIj1Q=","96icT44TVEI4ObalAvZKBcnpvecAgkEpoarnU1HvJOk=","wKxh28RjfDGwc2GYQDpp329b6+UBqDjkjq1d3tcPelo=","d6TKzj38toFrIu+buSzFeC4mvYm7Fh++2racEK3H3I0=","iequwtC0bGvMyur8n8Is9nR8vUC7JoJZxR1QtXIit2Q=","cKsRHzJN9qzoMWf38XoBxK6LTJx2LL3hKslmlHydVUI=","0HLy09Om3hPOPbyNBQqWnKmzMr4UCax1wBgfkZqwcU0=","ei7G8fCxqkb23X4D/OYfx3WtM7jraSyjoEXx+VvO600=","8wDubuC55Z0NyP+0IafUqXED4VlgjUZJxonP0xBxAAg=","7dQihwdxy4KVz+eS49uaOPQzMWfoPU4RzMTuzxKmkLE=","a+17OCLM3o6FcjjZ7+YgrOStZ3GAd5HbGVELOxiKkHw=","NYAugY7EWqwI0FaEtsv9qLumQeeBApZX2imCWQ1kBEI=","E7ekZmQSJcWDbiZ0ro8/YYW+qTMBjUYV8T5efoObQYw=","gAdPcVWEaptjurUxChMZt/QnWM4rwH98tBQZglSqUBw=","YIMxMao3/sl16G/ScJ4WuXNT2F0T8L4qb3QCKPCEb0k=","TaucCvjZFEjsEAgSzRMrXfvRxTFICWlD82PJ9ck6cWM=","LBfwl5f/pPFGFto42JQhZ0Fa72cLLKndeMV71tYLLKM=","jZYLQwCtP6hkY53e4A+AeYl5XjU4vLwZdEibyee6XrI=","r+B8aoBDNs+SLdlBUuUxD0adeglGl+g6nkwyV/HfPro=","bpkJh/NFhf0b3xWKHZ5teh8mbQC/NJRKJi/gXgD3e+g=","kJs7vegkTcx9PvQ7tGKIWnOL51GoTG8eOjvQrLqJj+M=","YwA7N2/8CRJ02KAD8feIyTU/JDM+30NJQC2XBqQ0ixU=","vYwgssP6FxJye+0lsSpUTr9w3PbP8F2/OwF8r3nkDaI=","/m3mQjJpnkGjEAvv8sK5VM0W+XGPEGk+lY/pMgGqnTg=","t7Eya8+sxzpScUlBlIy2fb8b8t4Om1D6lEFGU70hTAs=","WgarzWo7XQrrDhb/HlhLG+1moAJrdNS21w4W2T0dZws=","ZlndHbEoGbiSjrJPbxz5nQFaHxhYp7c7zGtfKy+r4Mg=","RQ6tHG2DH78sU3kVfL4XzC9lGTdROJcIGpkv1me1e18=","EA5j3UR1oy9l/LAoVlnTWA5ca5oEs6TlqGPeuUnCWlg=","XLWgCdU21x26BeX6ULvkNqLDwKsQNivg4ovdx71fmqc=","MlYknyaudNt/9JL+ewRPZC+gHecyB+gaJIQ7fsJDLo0=","QD/FqIzHfNypOzGIsyal88C1E+IjFq0uHZ7P+mwkw6s=","UiijDfWrMZHb56+pxbGGG8SqK/qroy9oBxoZwlBEXzw=","YD7Ks6lv0wEjI0dpkZulWUrXSrrhq9LQwlyRWu3y3Jo=","p8ppDvTmJ/BGrRBRfvlMQzPBaNqtasJDBd2HzOpCNYw=","3tEeTZRTqzbdWbH+m0FF2n/OF0NSIW1rMiYW2SmsNnY=","+A89f2CR6ujVMq0asWMrmYAmSXQhRsykiXUKmQnNeRU=","ld2RFICMKep2wrCZmNS9288EeHUyCtt/kshLPZ/tHpY=","t8+3LM973VaDb3PTc4ncKxcwxiE7YmxSx6TpP9LuytA=","UJEPx2o45g6lpQlnwQ7DmgmHBL/LEdMrIfMejvpg5mE=","i3QqmMBjw2aOQdFEAijbJela6q4+qzcS7wTfYRtV5ow=","GkphzP/kf3BlNbQ7nOP/9haGmZ1gBSNo3gQQ3OLwbJc=","BKKSOibiSoAX0kQLVtEO2I8UB19zo3T6fuabE3/6R44=","W4wdV0CZUL3hnNPfjnhyBeI+82mV7Rh+FzFom8zHRsg=","pC6KEelS6a4okoC6OpEnXAEAOiz/lCWw3aLE3iaDPcw=","Muo5KvaQvTH7aEPEkC0dY85WEXoVlGYNJNlAlBWtC+I=","vZmYAr75d+si0Tq6LlAA70OeWMkZeDc+k+/yBZg4EJU=","2Vcid1r+kypDLaM89DlNa8vYhQ1aqVVmF7xgcRVLRmM=","/5VYNpzgzNo48LUDqniCk+nLdL4Uo14sYckQvBdituA=","QjjkFA8fYrqWr+F9R9w/p9oruiksLE2wfAf0R8c493k=","Czl6jIVi/+NMDs8aM0u3sjxnopYK9cyok3fhzedGh4Q=","UMMe3FDoEHkRNeSJxHMNpLLPg5Jja8/FEUFXJDEjWGw=","aJQCF34/Lxh+LXrkYhjMa8V6pEIF6gDlwCGRjSSX6Dw=","OZ9GLGcDA4i7HP3bfTFE0J3wJKdUj5GqubdMrSp7d6A=","8qsaz0yIwyfF//FGNR7ZsxxZsrBaj0vle5sa1QqqgXc=","uBV1AXWq7CsRmfM3rMMp1goAmrrwrG8kKXsW+KinrQ4=","mnAfiPdmXFBzzbjLxOMGO0HNApOI+B6vk9NFK1BVL4U=","LCh1AkIasqM56PeBQjT8EOu4sb8I6giISePZSW0BKdQ=","C6ghk9wwmV0xcmDR6yA4rKCRku/r2ecT3AKtuHXSlYU=","cnGbll2bnv5TGiOWgIZmq0HeeGCwLoFzVQ6qJuYkP9c=","z+/SPPMpUQvm+bF8sJgPg3OCBgwIJkVzXRhWTndMx/k=","JPfvv9soehr8JxSmjCaHULRnSLDKhxrOaKBeldcVr1I=","imK8gk8qih1tXQ9eRZOzBXRAVuWPFhbJ/jTqnD+GLZo=","nLCyHnm5aBuS2QkzjIIgPiEb5nk2ne/mQKC+THV3Bbw=","bbw4m3d9uF5UlrOq2xp650/7b4O5sOK9DvAJlKyCGpk=","/9LI+Dii6wblwhpjn3IwiC0k5Qx8KojVvQneOgJb0vA=","vcBx5ropwXhT0w0uwVtZp9xM6o5ZyHsj5cFmDryAU+Y=","8JBIPi8KuKiQF6e+sGmZLmtI/NOGFxuPhXSagig+DtI=","6yeg2xcQL895ZLqrh29h2X6mDQ0jl3W3eE4xUOvfHEw=","4+9ZLbrwReT5X878VUr/uX0BOyauxXA96DvKpgyxGmc=","stbJMYm7xMxV82chu9lhfndMXXaiRDWx4GQ/t2TkZYI=","grk5Jm7xffWlAdfPbNCuh6FtSZSrKFbJoZ+yxtwd4Nc=","wKvGxcOhaB6Ai+Zzplqzd5tgQlYUpEXiJvNUGYCkW8o=","oQgr4aiZAKq+E6OmME10QjkSPBwE9UPiPktXNgEWSco=","1VP3n1yIHcxMt7R2oSB1Nop5CGYHKwg6RL5f9AXhd1o=","vu/f0JCyEVhpvnEPjb9p45wJPxd/e0m5H/XV7wT7HhI=","d8fjjqePkxbzuKkAcKJCpHT8nSTp2M36faO8R79qDWs=","KCGECUfwwKolnF7VhaKt+xy0hRt414oFgleulUlrNlE=","2+9Nyd9uNf0AzLf8ip+LXeIZPCEkXw2dGDvdit2dsDI=","7tL8E6EtQdrHuz3oBERxxb606GQPHj4KjhczC2hsgz0=","IJ+hhfT3kRhwIbI3dak9ZAGEwKaJ6dS8WnH15T7o42Q=","oL40Go0jD8B0muEKzVPlHX6Agv8xAzbDGxDyPmVg75E=","lkzKF2c3XqudnpxQpE2eK2pzzY+zUExONWLe11dxZmY=","5gPPdCrcoF9sD3tThb3ayrt7fD+TtfarMJQDQ0S2pOM=","yRdqm8Mb6x5FPr3zlR66la4xkuSmyifBsvUWePB54dg=","uVoG+/pKO+WyV+u3/yy7xkMSAZf9Bre2HqAeuEz+ciY=","uW03sUp2oryzZYE5FuEeLzCl9o5HrHzn0KWW+473GZs=","/APxhFSycjONzg9L2/3qsxdVKzwS9ZohhPjUDD1dYeU=","iS+unRJ6kpj+dWqioTG1vpiObKPVcCYjJyTz0r2t7NE=","YuejpHe73TiSsGKlse9l7gW3Ffe1eljaQ/COQHD2Lfs=","HUZZFduMsoFkEkkApqBgnZ5X8axeKHF3WVA0JfDOPgY=","2UwG2S91aeFFwt96+0cfFHcXYke5LML2XY9ci/P7WAo=","8+0amgEJSLS0r4zwsTtOu4iLUowhUuUIkeZc5lL0od8=","hYMpxESjOJ40sGY1y8OVxGpApFC8JrUdZZ2rF5ESZIw=","cI78Dwo7lk6liQ3smwkaoCiEiNl+CL+L6qvqf3Y8lXw=","f5dcNLZCyibh3EIxcPC/yfUlYFQl8SHPdLayN8G9dio=","4BiNfXJjmU0Xn/LFeKiwswEb5Vf1CuPfHis9huGeqHE=","w9qWIp7+RJI5TovAztx4sY8Ws921/ZIBTbjbYrYd290=","dDXTLmUOmeh6kJIMEqecGeKs3J4agltYZbpBppWj6uE=","c5jESkkWCnvmvJo3QEd3ASXq1bRxZor6A9+Ed95jMPw=","Di1G5ZK/JfrAoceIyOmr7zhQgBq4XSsg+9M5+h2xjos=","9DhTmv/AbmYB95ObwOUL+vftJWarvS3pogkzPXcfAEg=","riHt/scjSMDh2L0rg6qq9nb5jOl8ETt0sG6LfkJP9Cs=","6Am9tCAyqx5L3PE4e2aSr3/j0vl12/LbQjincWmur9U=","YC+b9+ltkp2fISpd7hGOQ8yk5O16ogGy2dBVGSC1sWY=","jlo/bDFEMj5Y+O3yZToWhe9lx4Rple4oKkTmaaKB5zg=","33rAElh2uc42BRfbxEFkPjUWWdo/Am8CaLepezVbZ+k=","kexO/XTtd4q4CWZ3YJsT4z2yoyOzTaQpZLg6oZLKQig=","xt4gQcCTf9IUGPFuS+u0UGXEt5fClnFs/rUk/CvaXxM=","AsRS7L+sT12Q695z+EQcIPI7h6zpCFoHvs7GOHv/Lo8=","eGAFXB+hqGKWUTTePVWgJvDYhK+3Uj9yJupz05rFZgA=","oGoDicx4tdAhnqIpX+gkQSkG7IWop0FDxvfACdk+l1I=","94AjuBqOJwblWq6pxlu9yqhDcOTBOB7qZ/2s3c/PeZs=","IwhU5/79HKNjJPprTYGqqNvl1VJ+/SxdDDco1d5QZ1M=","Y8gX6aG0RktADkfa4XUKVNULaoaZ2ZHkUbG0acxI4ZA=","NTIO2QOmgzu1zCBm5yfYEQAbX4NCpug9egfdmO1C/Pg=","LQ70nsywjXWiw8Eijpm9/VdlYA9UhzfU7yJ2/4QCaYg=","vZ6/5zqV/clu1zvaKiLs8VTd6VOxdkygdk+deAG8bHo=","UyrWLx7a73f+jVsy0p3ATR/housOrZ863Ale/a9+uY0=","fcsI1YVh36+DwyrbtUzYhkhtqm2dxHiZNlETUS4Ju9Y=","qD1lI4RuMjOLmgZlVhnXZ/u20inWPgQ67HCexyMA2mA=","N3SNSFSOQXfCJ0uhc01+6atmzaU166SA/6ZHEF8Y1qs=","2IVCD8FAqvMIrnhUvonaxYjq3qOZAXLWxsLQkKqIkeY=","5uKkApUjeKMbFRmFW4Bl4q1Ym/Nb9Woh52IAKjV8t0Y=","kJ66Xe6IlhPSXTZHafO31sr9tMM1sp3UpXD53koYLCA=","BsV/Ka4ekVNgHuogxeeDy5B6hUpkrNNgIAbdphyX4/4=","Rfq9TcZK1+A2Jv09i5t03EzmPRN0v2M4GApMWg7j3D4=","jAkapRVpUf6jJ3KZmJ/mmEW+9Qyav0M4ncuope9AVZ0=","ICqBDUwF8j/GE7AtIba8bbHaSorQm2ar+aYiYgNoQNc=","qTfQ90pRYYKFDU0vqA2o/BUU8gYrbi7rRC+X7Wy6Z1I=","yARMxc5bNxWb6QRSBd9EQly21jfwU9MVuVtjaQGtq18=","vmQygwzprqVImZwVIp9IUCdZUQ+yHAOU60PnMGlgLek=","wy0nsUhJBjpl4xNmOXcy7jnjA1GvlxnlQGWjqN+pxoY=","wvSV/Vb6ecchC9ZV2TNZKJYNC1Xi+xx45T/Q3VQAlzk=","YEN5LN9vZYg9SwX9IsgQNn8j3Ej2zsNvfLKLlOCnshg=","fqZFDWs4xKy5a2i8mHjjZRudft3x41bMbt0/Zp+laLg=","rYlrYLb53VnGpWboEqrsMEEkFVE8UYW4BpgLcHb/I2I=","rpARHaStZgBs7OmYsK0sLyqZY/0jf98d1xV8r661lVw=","o2Y+BMDnddBVg3XIuyaggeqa6LTpQ6BEmFQz2soc+dA=","8252wxgeA/fi10CaFaQI+RHleU8paLjsuZLMZ6nblX0=","+oXZH5AarSfk4zmajAjY55BmMCF1DAeNl6zQOsQbGzo=","vqR2ovQIVhrWMJxCq12Z22/EFmCtcEIOZt92Zl5NMyI=","LAppF0QTxqHGLCELUDeTAxH5lA0LYEN+0Vd5BbCCfAs=","ILJzh9AFVitgoz7vz6iMnIYz3tnAPE/z5I2qWWgPtfY=","SKf/ZaWEbv0hn3sT6NZ5oNTWmei1nlzeoggusFs+s3U=","qW93nQOyBLjsmBWeGzAlmy78LW46PT1OsCawkV3omfw=","TfIngXzPNb5lJPfx/ZJ3sgb/tg3UP6TcB0AhgGmp+AU=","BcrwmrOxeeRzyiUMHnmg6a399Zwd3ixdfQB+hIqoYCE=","J0dvBEcc70NygFITNsiyw0VetPOJm5Z9QSFE/2srtP4=","SnNqZjhxJOmpW877dk/wZc36RxYLPGEXCnC12J/lSdA=","op0BzBT9leQJaW7Xc1miTD9obyRD5jByoPhiCW2Yvvk=","NX00nibqwYwwUKJ9KoLY7M0PbaeGs8eCa3xDFkxYlCc=","4xJxi3EDk6i3ZSDJDXChJGWh3FBTOv19/l9ipGbpi8k=","zgg5S5nguA9ye/jOxXA/NPHjdmTUdXKPTUJLIeudNkc=","3dUiaOs5foIiyjx0mnOEZqJnzs2Xwog9honZ9UMeEXA=","nNpJGAsjlpvviEKQj4eQzER1m2JPHU/me0yGH6RfhCU=","hysxNHQRcEgAdBw2FzzobxxikpN3C9qXrMnA8JZLIJc=","bt+cAOBST9IJAPBKfI0e0lbx8osA9sWmOfIrawKay0Q=","BnhkEyUQKCdmyHZ5nh+bbQNrlsCVw03mX3M1T6g/b/g=","QuUdxW/UN4Q4q09mYfQmQzs6uV8uDIIsDzF3v/18ioM=","4bxPhc0iKK/dSwFou4oVe2H+J+CQ1aQKmbT0OytBP2Q=","VtdI9lZe36dVHFa0+agBC2k27Mkabt9zoL40qXWyYkg=","46fW6FjQbZbXDM0+QxPeU7pN8/dgpVjP/jovP6QTD1s=","26JYhKBLFnlTmByL0Ss4quNejBvboZu/g/eq9WTLcg4=","LfmEmE5YruO+qv/7O8x4hIDDnNJ0yjdC+rA4hdTsuH0=","7zbclSA4IE6U3Rz1qpjQEaC/cRUTRgDOvHRFWQcmxuU=","V76jwPmTepoblf+joezaNiwSGDnVRbTcPcwFphrejGY=","jBh/P4zzOQt9ciMkY9g00Jw25avTSumIBdvMXtQOT1o=","+e/cBYAImsEBohFf+nbhFe7I+T+88FTo9L+kDcNCNv0=","oYjb9gDYbkmx9FR0TGvOYX/WXeNsAqElYSJVvq8UIPk=","wNQjm9mNJW6d1u149tDJ471AZib8t1ovST/PkQR9bLs=","zjhQ+ccbPvrtKLa9XrOKpvvbaTT3GXt4LmeEKnDxsG8=","/gxKR4ODlETfnV86S61w89/UkVSQWtYiaVWgU1OmD0A=","hh02IX7l2zsaFKEc69ZbIpUhUGr8FzBXLitDOx5UIhw=","2Ns091WXz8XaaMGHjvb9ZlK2L1Z4fRi5h3DxF1BFBCc=","CLLlLjWZyrQc8zfuagxY9IDWuVhBRv7cGigrID4pBAI=","tjfUGyG4nyiHToVmMPbq1Y+U5pfesAhG+qF/dGm8SbY=","03UL72pSzrPE5OD/CwJZx0CWMqowv5cN1xbP8D4OPRA=","31ke1k+1yRdIUwiZK7cdsC3Dux9KPKdWqsg5akH2e6w=","fV/rLXl5DhZ5byfrWLC9eP9gZFVCsguinDq5VmaIssQ=","MlpWaoq28EeaZ1yHA3m0xRqtD8cflLuzPKRJv3IboOE=","V3VJNYQtZB+8JGre2qnWLzS4Ueni2xMirfFb2u9k4eI=","uQFcro+xm/qc0sQq3OZmoUXMKeeo+baghhHF4Z3UkHk=","mXUwbehowdL09gfRh0VqaHHPX+/DdEVIEnkGPjg5dfs=","RruvC342J8Z5yuqBK5XkhMXDld/mknVK0yRahi5d51U=","YqTD/yn76ekJF6Esb8mAZL+4vlYGjgZExYAaSKfWpTc=","MtabJivQvdf1jCVzU2/+SJR7m5/3N1WnBNRRXUZB+6A=","CkGabnHfMU9DsBFmbzg/+cFQW8UHrqs4Sm6P5SWAIkU=","0NMkxjLOr84Q83IqePUeVuoMGxO5SI3GGwAzwwsYKQc=","btQhZCO86h+noMPHCMu2IsYqBOzt26iAfua1QwTlFEE=","VqOvgiQ1PNwUr92iW53C6yQQA2HIUlh5Hx1++nvKnS4=","pdoDKJOfqsv+K2E8oqbdXbCul6WUcMEJz1Bom72AHqE=","CNyReZSum/deBBu4bYJ74Sx3lFIqre8Cvysh8f5TpkA=","x3KnZKcZwbDNdjlmEqGDgcFIqLD13KiMOLdU0yrQnCw=","jko/0sUI6GEw3qylVYavHgWE/q0U5HOtHAWOO/Gor68=","/MWQUy8dr6xECgf2GMRIUScLXqxYW8Kti8A2rPtm4iw=","wvgl7UDQ7KVX05+klyjpnBZXq/M9i+Kp/dL+mpl5E6I=","cus/L0rhK9kKr+s+zp0XMHBUhwA54iZV6h+teTXBKrI=","3lQb84lDdvEVLZ3fbv1bGvA9+JM1bHdQput1CjciNuQ=","dxS5A6FwR1+8SSvGoWGuIAlXrwdcLGodSRd7Y/lWlMg=","+XMPuHhDI90kB34MG8f3R1ZMVFu7Ea42ybvD9rYbD/Q=","Sj8s66xIVhH+/5qgV+LaZCPqfCe0qULGhKJ3VRCCuYk=","lFFPju56In5FaPS6pZhtkprcJHB6JSPTDI4tXRzTkCk=","nmru4l4l7Cy2V8NVmNLgFRqwMij4Eyahe13b558fMSU=","Wyt3yPk1Pj8yvkrj5UrHjjMWRMRSOzyRVR+pmkgp0gg=","oIWwfYUrgaWK0/iL2xEoCutezi+paalpvxKdChdNf/8=","njCPoMoejmRIdjvJqbqaIphck7wuUVmEZh/IfgsYvbI=","5nop4tvOM++1CrVkGCM2s/iyc5s0gYZe4olwNiqPnP4=","+f98K6uF3LSgjRQMfWqIjwsxYq0KQPivY4ePhk95CF4=","4+aZfDzAOxm48qJUdAjcM8heLN7wOSPfuSkeftxi0a0=","N25RbsuonmftKdcAtob0+OQRg2ymu1jHvYIOZ5qlP+c=","DqE6hKYxJuTefNbb1/gpJ1iGYDcrvJHdTh9q5oAptu0=","XeccTK3X6gCf6Czm7VFam+sb0BnAyByRUSebTtMvJtM=","oEWkVgK6VaKbQ9cB53kh/dxCNSTXPgh2Qwc2TPZrK7M=","tsKVIPqkoSNNEn7HGRiLa3K3gDY+/uiPjDUGsEFucww=","xLJ5C+zPSD27Dv0aG+3ty0Ovn9SdoP0hPBNBZ71PSt4=","YWr0fz1q90+brZexMep+noAfB6tYajNy7xzdvgLk9HE=","Fol9aMEzdjRCmbjajmwAHHGC977L5YoGPqAINL2a0RE=","Uh+AHvXleEsZR3wUmPqASH22hytP8ninAPGLCkPzfDI=","6z5X46Fq++g49RM62Bnnsl0WFCg5HNZLolm3vhmSfjs=","laQ3ljAnVw3sSbdMmIm4LxPF3m7ffz3OMgpCRz8ddeo=","rwZuqkkpgTnOB6YgGEXoCfGvzZHKauVneMXqNZM2qIU=","pMsztIL7PGIqZfnJyW2VqqYkghTfOiqFouEvddC+v0Y=","bCQvy+jcO0m6xBsU2lhxNLhB8ySmbw/R3tgXDjvlFdk=","tKmEx6wXX4UEel6HxwqeVzTjtjKnqQkpJdZF+UhRPKo=","8ByS8c4R3DrYQlgN9/uYQud9oM21UHZ0SqMt0RDeCDM=","jGl73O0uZmV7C42TEID09KHa5TrwDoOlkqxljlcpwRc=","moTCUbUSmuLlEkQU8WzpY0A8Y3lxdoEFes0CLbuqwYM=","R7vJorRcNCediIe1o0Zc0vTftDZrXFWdqxcjrFwpRno=","ITgLw5xghsrY2mpNnJz+Jgdh6oJQppH4f2UtrKze/9I=","dlnmei3HeaI4n8tuZy7cJXRkO4XicEPzuTAK1spX0e4=","W+FF+QIOr71FHRZL5iP+aZhnjULzXTOhqdrU9sh0zjE=","dem4gdmCN7qgs/4+QdvO5JQpEs474oc03ZaqVAmTzdY=","pdb6yiXgiwf86OPcCFIJmt11FsoHsxcytX4QDHO5Oj8=","Bj1W/TIKsZFWUiBIUfktiRz42mX4zI3sFvRf0NMhYsA=","UH9ludVK9sJDu5SfGLmXocT/rvHWQKgpe3mjEB5O09g=","WWKyUOWzo+qDM/jF2++sE3//QNvF0kFrd2JIgvgihRA=","Jgrq/jBE2TqVW0lV2Uby1ISw8yU2NwFDgTDd9STPCDc=","z5dlQdyynfDg67dTt3xvGtD85mCeu5bwdEf/tptbJxc=","HUQC2TiJsCaXkgkXDd4pbFjp6ERCoqxutfdbS7TcgAo=","YMyAhp1n3ZECDOHdVklRZmvZZXr/Al6BFhE6MvjYnlE=","1+jCptmG3Eqwxkmq18ztRiHGQKYb/spwmfOa9EfmE+Q=","Zy2zcZsgWgq6KlD3CVGfSTYn+Xn8S3jrmIE1XEZHlVo=","m6B0RmzFy4iH026DAbPyHw23W2O2TRb3AzL1EUWOHKs=","+VCCDKPLx49DMOG8Fovgw+xqGMsIiKFHxbQWio9zD1M=","K1FSj62XjJvEXw5GuYijgu87o2PgCo54EtAGYerejDY=","enyskmEsc+NLK4atNxe8TqJKaUgvcin1B9d5FL1A91k=","xpSrC1mOX1//kCC31TVyT94oOIWI+zDkyBTF3kTjWSU=","3tE22gYJyD7UDlRybkKJFw7/mTE5xRgjzbxQ1n1Fkm4=","mJfU9c3R+sJ5QGMUUbSRnT/3tUmK+cyoiPFea4H5eAM=","JvWYkaJwwlJnvr83wDhLTPvikzDDs3Za1olZoTKpKhs=","gt/W4tqAzwjN7v/iEEWKtrFHO+sqJl6yFNWKofcYCAM=","Huv7fVGURMGW4h9J6A1FaOPLOhlvNlBlScSFvfvg1HQ=","IZkoO6kaE0NiWeDKG7JI2d0wC+XWwvI8wrLjuXlKJQ8=","5cCBtOQn6jMuqCCERqI0K65TIyKKtsRTynjUNdR/Xy0=","ZCgIB+DtlHF0KSjCHkvw9WvMI+13cXU2vqsyq08KhJ4=","h4LNE/oA65yp851EU7l1EUFTcF/Zf10KD6Kokz9glPQ=","ky0/sztd0kP7g6zS3S+z82NFBoiwj/SQgVAhirr5e3s=","kZRs4kK6LPZW7sTAb0KpmHcIjEuKlasYDQgvF8mYB2g=","/xxgAWoxXknKW+/yKgQaKGYQKkpB9iGLLClpJk6HHAQ=","cASGgClj+BJXTaoA0phjqUN657SDUgnFxebQYQEHpo4=","FukQ4ZJp9ogRFfAKOcL8S797uw53f9U2Lh0qr7r2SDQ=","XrT+qQ6ezCOWEZ6+aJzegJjDSxzv8kimv487AEZP0yA=","Ujz6vjQLpuB3Wbv5ytbp9bq+ztkq+QQnh8CGF1vKJek=","r+gC/JEgKjgy9vvFnTjlbfo64ZJyct+5A+6JWdOvTnw=","YkZg9uUKu/t3ldrtVYUDuG/0l7RvPgOHdnqjvcdwFlA=","Y9nA2CBBYiRLcozKB6Vwp9dg2TEKp5pP44J/JZF2qNw=","szJW7h8UClLLp5BAvSz/XO4gQ9zRUCyTWx+0x0HW+yU=","uXhHQESbEvmnV9NW1cvZ0y8kvvjRh1LnEmBwUjqqHj8=","Id6Hs6FAo56inHYgn4+OWs0yKxZ17qbSQ2pS19FUPOo=","tMZfZgzLwI8uxF2SNJ9+AFLA2f50kmgcEpjmIO7ugYw=","oqkGT81ty7U83ODgNsO012myq8ywzDgiJlwNI5rI46o=","4MgwkjYVnLtSdf1j9Fzu7E2dkMlN3XfQDUKNm0M3DIg=","ch4qJ13jT9uk0dtuvHY4/A17EBZ06KZPaukDJSKUVrw=","je8daZ9zAHkv13NPA7N60iXNbgSapAG7prFBRQwbmpY=","AK6ZFQqBlWx2pI9YkEWDWnP4hVm0MQjJ5SBPsKQO90k=","2K5Xv48Wp/UBPJajFWWzFGFvTuksD1qBn9m1i0Wmkeg=","OfAW4kbogw1reR1SRz8Lyc7Yg5tQR8fwUbP0GhJlrGY=","kq7eomXOEqfw48d5F1JC8HZ8PkZIPYrTJwoDHofFtWE=","cFSkYMiDmmpk4u0lcPlNykoFlDsO5SqcqN1TnyMYsMM=","Sz941Gfbx3FkJt8goEK7+5ZDpIDuNbAOYTXB2prjPlE=","V/7K+ID6Qjree0Y9qQr6czPpDTwU1DhN4kiJqb81bMg=","7PbhkPT8WFATyrq7ShUpf7fNK/ya5nx7drrAZRtO3GA=","Uv1+GiFOTsnAN2j9qfvWcMtiJvu/6UVyV0PxKW341wU=","+xd2YPq9SS6tTYXm2EuY92O33KFTSq1sT5PiBuGEiQo=","/ciM2RPQmPLJSNuX/QV33GE8hUjGvWhxCbGshD9PI/A=","aCWaa0tIK/9Oet6YxZUi90h9fly3wo5SRVYJe6aH2mk=","PtvcfYbZvUioC4jXcMrkcr/XCj3h/owPMMPzjQbr2Sk=","qbyexHH1QMWh0rhXoHlYKY2+kLdP7v6/9I28lZcuDyE=","zFLe0RxbBKKzWaK40YwQlf/nt0VSfc1Zy0ojCkEDgm0=","mc2bkaSTWvpnViVBuOZbPzN/hSK3tsrdG/taE4M/KDU=","/M+WnBca0xTMVi/LnB4PfvpodIohOkKJl3JT6NF0QEk=","v3n/yKgz/aBS5vTFpjir9FvjwTDtfjfdWygTRsxRGXU=","+0KuYtqYjyodcHF26SnFMJR4Km91WwMV/FL07LsmbXw=","wY8xpqgRz6bAH1EfXeLa6y0R71fc20EDJF5d5xxK1SU=","CZxtdZkyIIJwukQYFz6pkzQ1tt4JrZVnLsZQCym7rJw=","+kXBPzUJka0OUeHBLNsC2YQZH661dfS61HqqGGhNaLM=","JlvFYi7x5wB6+oRWCSEDkddxalAzHCHhNe6aBGgzhbw=","S4krfgs9U+JqER3dONK78tGoRThkIWhBkoOF8Rtbrmk=","zRrvsO0FaXVg3amoipQLGrokqZZp56OkQeb+EKrREfc=","KcS7I6tX4Hslxd+1wnZnzeMS3KxiJ5bbjdF+4mGeQgM=","4OCSeV6uHfb4niPNQ9YBirqtfI3GNwWq034NZwjrPAE=","kaGPj4ZerBCCTqN1k/Xi0afL/mAQCmbOvhI9ijnzE38=","K/muKgtXD6NdszGIa8DVqGnZrvXWeNPDMvmCopGzqhc=","yOwm5qYWYUyjkoT9TUD69btWoM3tEggZby94/f1eIKc=","rwnoTYiwnZzZTKXbGbEkDCrJwgh9ybyfTqXWWZtixlg=","SRnIlotA5IBrE22/bhz/IufvnG86Lr9ReU98oq/j8Rs=","sC7aYAnALBK+JnKMrQSufnk82VDxeD7PHksNGI5wfoM=","RC40PuVC/mXNAhsYmUctP6naAjQ1tvW6WGsXEvrlVzU=","Nynu832JH8+ZTIOj6ggICIgXHS0d2RdGjVr4ekjZk+c=","1s1GREStVU3mx0Mf7OI3RSofomT88c8TWzhqmwVUVeg=","B3VxHejjd/Sj3VG5+X91Vbp/LWfQpKp1jZhH2qSC9vE=","Z1IZNYAicR0YdfHYI60jrnS412xA+wEMi69EJp61Xmc=","Ued6PSO9gnrcHZSbI/BxOIId7X2qPsxfC+UVZXijy5c=","1Wjf+xqKt/49c9LlWwcX8qStroJ2Z8iiVM/UgX2arzg=","gc3QipUqRwhCiN/ngQ0N1xhzZ891c8soQQFppDMGnPc=","6iEjLWsy0Wdd1kuwXOw2M0DmtznjJ6lOlY0nPV8r0a4=","LAkj5zMbHNy8PINg9bPd1JpBBh5HS8xoDp+7422hxZ0=","ZzwzYYC7wIjKOc8JlhyH51HF9mShg6C1af51obggegA=","go4Wu/2/SONCMkuZcJO2GDyfo1s3gK7c/QSXq/EH8wE=","wewZj5m5ppm7++AWLtzQklI4wbXctNTODSSjYkUWaH4=","0jPBD0Mz/+dZoulrjSkYVCC+hlV7QbTJcQY8ANgfY3o=","V1c+TQb/BuctskdlqfNJz23JfwWkMKzXtWDPSaAPjMo=","TnCqnL2D1B0nLTQ9YhjzLcUswnf/ILGV4MOAVac8uG4=","nEn6lxb0O4KARphuetolGB/fjwZglN9hJ8nXnsje3UU=","Ii+KBN8AdR5I1EZfAKGg2zcAwaIJC1fBJosaQw38Smg=","8+d04idPudKraHfrMxt67EvQTIHsp7IZSzCV6R/kZhE=","r0F6Ck1D+ttq9++0EIDEYNS73EnMOnUtiiJsxf9ZsT4=","XqNXQpmjbZDriB6p2CBJD/+51FArfzxOsWeEyoBTofM=","NXcn8jQFORkxoWgoX2x5QGwY/l6gUev9V/bQRviwqgY=","+SLWOvXqhN0b9vVpqdRUBoNrlO7a8vEKHtfxJIQg0Co=","/eFHEEaM8tNL1VGEg9JW4VRPg3FLYP8fPe3C3cKm6Qs=","4mvmSK0LmlCnkznzQwEE/oP+u06X8F5ffWtmTiAxOvA=","ckqd6qFpt5QNc/UZ9+wUbSnvne0roZaLjutZF2DAYrU=","WUYAcMfndsOQ8JBiBISHZMAbKRAPPrYGqRzQ/ZRF4Fs=","QQ6HJRlHARH+CkFjcsN+66Rg5xlVJVie5LpTz4bEauM=","3AU+0sEH4VOnW3QliMC4BJ3qrjl5DVDzmvRIXLWWMM0=","kWO77LFDYTjpKjFTmwn5pjW2IqvXLBbTbPyCARYlsWw=","stgYRABQZPdXYfhRqsiGQPM9brPSW5SenP/wR5TW704=","dY21niQ8noMIC/7hMgYMFpYFc8L1Gl5SWJvcVnDHALY=","9DFi5IIuV6wA5g+VNHQA+p+jG/5t15QqT7cqa4Wjqgc=","Y75ai3LJUX4DpSj5NdQ86USJYcIcg23gqp1czfPM3kI=","fnbP8f4yi8bYFNe434hVJYhlvoYTkOYaFh7UTzce54M=","hrfMHGTC0xy5Pfw3w92myUs5f1vUE1wXIOi9IWfO4+E=","3KxgwOPUcLlhgW+T68HjKaGBcxyGPZ622wfm1miFNrg=","r4aEW/5sBI5wvFNBGL0hC3yTqZL1uCS5fC8dGz85rMs=","pDzR+LKEvJ0vcfpj37WsvstoL51cbd2Qk7PDFupYJcI=","q02yxTmzrcjPBdFfB+B+UHQN9ihEzdOG0DCQqhM0pok=","F8BrVMvZ0VBiZ/k97KuA8oPIanv6+/WMHyp96swhJ84=","D994Q4yyTifbpWrMZ6XaFbakvowblLm0DBBlui+N/pg=","j8Qr7upmIsbWpF6QmlIBPCjofQfmDs8uwEAVIO5Obf4=","LwIdb7l/3kCbe5Tp+fa+UDmnjvl2X576apLUs4DX6vE=","TPpWF3AbTKefAt46jdWm2OuxGhWVCmWnCpaVeryvcGw=","kWKu5s4qyn8cUAUzhGg/d5RRDdWae//ODL3i2oXmE74=","3PHFbeMNam6A9RWczajAYGn3zlCtU8V/981kimanTCw=","X6RU9wQUC9gLbM+YXu2llIJRvGVlU5F5YLDbVaw7SM8=","XTUcfp6K3AixDkP41uSbnLmKergDDtA+2E6ufZlFS+s=","UvX2XiH9OvuoUoxVHFKP165zudgHVmf1P9aZb4XHVR4=","aOznvw2XrsZpOEYHgkBvGi2deEtiUda/iVkVJP287Wk=","rJmIkPjXRVO+9MVIuT2wY+q903WVbQA33HTWHFzi1+8=","B0mC9SZCTwGk/7C1yB0dABofmsj4PFCgVBs33igBBwo=","k1E9j0Xy9jAIGP+g6LehrO3/8bQ4CRv/rdhGeB/+uYM=","5eYtxB/ejTa1wtvAl9gOXv5XJA4GyNLOLJilvGesanU=","SDx+YunOPL0pqbtbx8mJXbXOPCI2/XOpWbAFB5DwozE=","IPxy+4ibm2rBwcdX7eoVNMIJ3wFnMUNXrOuCQvaBoHM=","PjlHdi1KR4h1XIYihDHp3vz/83A9EulsUU4uuTzh2mU=","/5jaCVNkPo23ssRmvZiniUJwT0/EsGp4AcIVEx6y6Qw=","/0uAg//dqcHnpzFich3D84KBw6zrPkV3NfCyJJygsnk=","nX4sTr0AkD+O+4ZJiky6pH6ATv77nfk79L5HJ+INjfY=","KlInlG+v12a8c5COq6H9i87+LCjD92NtUdZpnYK6xe8=","uHEnrIz6jhDajFboFKYcz9+z6YcTA0VZBVU2nFBIzNw=","uvyifonBM+QM2KVG6zoqIfPbN7rNYJBJigrQ2lQIqBs=","ZX6/ntL1rzVodWYgNgy2Xgh4I/zJ/9+NzGBpzKBbAUE=","GdiqDWN6/4j4085IkGK0oUl1z3QXD0lRlwnSCU2edRo=","QNXRWkK04IMl4++splEvCovOe4McWbTG6T/gNoskZzQ=","PhhgYyj8vKr/i0kvvDTSNZCSFNXKFsaMIOyYy3dH3O8=","7mW2Wda8FW/zCNXMQyfmfemv0JY3RLP1klavlYrqSrc=","C70lUJjHoY8u4VYQDd0e68QFv5V5ahc4xJsmz8TWKes=","LbX2S0czuGcPNgYZB5LCkQ4QN7zXJrulGjf8tVxa2xU=","APqTXzQeP1s4soF9YFCrVHLAvcEALbPuYWfGrkOXdc4=","e2ESSxViI6mnJ0Ld00T7FKFywy3mAI03aEDO9HkjSoA=","xLolSh7ma2jWKr9AGteV1sHK1G07yFRCYoNEIZAMVsM=","x8DpjuytXjkSmLr8WXR3+ugbR4vtFxOeeVjzoIKxsK0=","//kCbInIjF/aS2TFCaMnZh/TzKMqJBFKJ95+2z/yh6M=","Twzc26r2+U0hz5BBUN9Lj5GZhlVqt8WFDIKQCt9wyls=","xOfLnX4Iy4r6YTwCwE2f3Sf/GjO3UZPG2TQNxkbKI4E=","cRhqfMW//w/nipQvuQLs5rVcUFrz3ksgi0gizZvnG7Y=","n5Yz2uAKIrAvk7NPxuODug487/Q1bKnexG85d+3RYS0=","TZoFXYUrGL/9Lb1ndNxutsEejqQczDcTwDVI9fqrRlk=","MuUGZZzrsvIQvbdlSl4EhPhbu3dBBDqcYV5M0Hih6b0=","nI9H65qyyDHAUnOObOdEin0nm3XIenwVe1PpH42Au7A=","PuQEaMl12xsyjMGNESvXDkehNdrAc30sQtocJiRXSzk=","g7fhKPV3b/fzhVp/P17Ne9KmdGsnWNydJ8/VRKzyY0o=","zrHv05rUjptvZ6paJHqQPVfJQyvmFc/1JyjsEAsDk40=","JHxudWZD5U+Z7IJwechlkep2y2vVAw/QpDLpvVFrS2M=","FKXIgPA6pqXAmP7fd7I8TQhPVp3/gEntnPmp7oPi4lM=","t/SA79Lzms5eYN+pC4sXKpH+6W5XD6ZXdIhhyjrXtvw=","P/2UPNJBV7dLZ/1auEyTdC5qDnsBSoDhmypVhZcbVA0=","buctEIbB03NrFzyy+APCuWWtjfYZTRf+Waz4enO23JQ=","0H3Ta5i6zVfj1/W+QOSIFAS6sezKNWhjXfv0xSKVB6I=","SPfQ59Yg0Wq10WrDbN5VTtqKkmabk1A1mo+9+w5ZQUk=","Ba25EhOtM5NqxX4m4H0ko4Y81gKuv3WBz4dxZwWakmo=","V+8tlrEg3ayABIyItOzq36XCorG/lhE4htPiAVeIJM4=","lWi93rHAyLPALDkvPvG9JtCbvxYHBjzdRS14Mcabv0I=","/ZjXohVPmoUPuetzoUovzPUTxTYaBVU9mie8Q2+XJ1I=","N9yp/qGWNLehYPQFDaoaWiblEyQtJ6p741QGzc84XI8=","Mw8yXbJecXqEo+FzehaiOvcqmT9hkkQHDrQv3KXj2g0=","lxzPUUUynFZzG18dM1H/Gt0aw2kNGPTGZ7+yOGpSNyU=","4eHv/ExN6x/2pxY6q4cunqE3T+eTiz4E8iD60PzHsfY=","A8cYcSPQFcdrSHLR2MGZ+1amveNj8dK0riitwF2VHn0=","ba+H+Oln86dDtxaWVyH8GUCTUtpNJJ06zPHpVLJqRt4=","k0x1+fXYZRhuE1NcmZ5GHtxj6gt8cdkudz2NHFsdRFk=","Ve1819NulRlflgwffl3SlrDLC5PHutISka7FhMR5prA=","1hGWTq995G4bmPfyPE6yTZTz5rsdarL5PdeG6QEVWFY=","nO0YTcl1F2qh2cnXSxV1tL4N2sxG/VohrvtM8OFRQeQ=","J7tkgEtg/Fx7wj8DXzNbKcR6lIwmdelD3DUpYkq6P1g=","N2ZKKM6H7dTWiocTPxlK/S7oGX4D2m0YseCFpr3x9jQ=","YuE7Sx2GvLtcUv+U1/Bp6Wg9TdIIAMOHy3TidxXvZYE=","jRlvlZdg3I/0h3pv9wynjpOB1IFl5S0XdeGEAu1Cq8A=","nozU+XZA8+2Fp/x5p2lpExNq1DSwvABbOfRnbACNkkM=","0rOn03X9Ry5NREgklsBkQ7sBbFjuR6oTabv32lhA5EU=","RmWOkC7W6xpDx/tIRM92n9TBNP3HcN6hruOlDKEVMbA=","fuzRKDTR+LVwNSw1U6NgU+Ue9rprjA+WnNUc8BP/JzI=","8SRpUQPNqvKsk783mpfo+/1zOz/aeQVmP1A+CydNEJA=","gIWA7H/hPMVCDeeuZR1HgeAp4nL0+dH+aR5fu6vlKQw=","oCrE+NNH2VNOL/cvF/j9N7bxpBW2ZevgmhovTMnk07A=","f+JIlQvOr1UVkmEI+axvQGYiW/ni+97lht+qmlH/2KY=","N41fPkbMBLJaf4IQDDK7yHuLFP4N7N0x0EbnsOqULW8=","SXjdXnsIZarNCF+FsOw+qEXA+VK23TdNMPBarG0ZSTk=","XFD8ycLHyKBfBR+X762UI859+pQX1ee8LQ/+1W9lk1E=","Nk/i7DcnIZSsUBgC29ms0Q9BMxq3L3EU53CXbk8SW+c=","ovsCxkkh6JZdWeGzVixTulWqbHIgC+W2I39mN8eyuf0=","XxUTDVHYae3chuep1hbdI9eikB+WjXtXTj7Vl04PgMg=","rtlwHyhE/y8oWJ3aEt3GPoHSNbHDZbbsN5/g2eMK0ck=","MFdXdVou9CLng402TBOpt4ecV4pJsQtMWzeepn1uxYg=","baX9K/BiKChDZ6b2cjzEYaP5/gECQak5ZV1Ht7LU13Y=","pQO6kjYBXWL824ys+NMyufzR0wl60JkP9xXk3Pf3A4s=","dD3C8ixlHLDxkVlLYBPlacbiAi5IBh213sLler/d8QU=","MCG0Ydu4kGrCosZOsLdVbx368aqDkLqvTlD13S0Rl4s=","X0V5Hx+YPuoD8WtNGUZh0bqV9rq1mflOAZfoiUfgsnY=","Spd91qyRyhC6LTBFeYKhFHBINOhxGAqvnT6uUQMeR24=","RVB2fiCv1WQeFOUM0wkbbbibRtl1yEOq4qNB1xlZqvw=","gHz6ihd/hAmd2vmUWolu8TxVEr5KQ+MFazseS5FsiYI=","r03qulx6VPLBje8YgMkM7tLLmQYY4EyS8GY1wSh5AbE=","ExPmJTl/iqV3BlmVXEABrqyWzoGJFG+7d0/CWCN/QMI=","SPrZaod+D5bSNp7LEa2d8Zn+6qFzwe/+4iVDte3iQDU=","Jw2CBxogzBSetFEhCGccIuxDU7jBeijeCOGR5qv1RNk=","dqbR+kr81EcWe5y8Uc/3I9dUjjo9r4wsHU+QfQAMXdM=","E8521AVCGsRWYR3BAZ51UFc1oMtyouaHaQ/sSuKfIgY=","pIasjFZA3fhdYNXArjld/MW/TZk2CWCgAjnu9kz8kSI=","0aYeAZ3Bjcy3g3fFfvF2jQyIBTMe73viMh0YhGINlZE=","oj8GIY3ZHkPQnOCvzuY0w4kgNhupurkJgWeenGe4ZMI=","xNLrjAyuoVVVRPq7cOPQNG8xbf3cluOZckjVnoxDES8=","AFYfYBvWo2JIjorRnbfpSnWLiI5ZaVIZKCFlvBFgdwE=","zsyn5S8A3RBxVt83a4Cz0THCSi5UclEWPTs0OpM4MLc=","S14XlWmeBLf1xNqusfCfAAHiuXdRFuYzxFtDKOoTK5M=","Rbqgu0u1vU6LmzPlIPmZFcZ6hnST4Sre0AarfGIsL5Q=","dwt5PsyHmg5yXdy3TGe3oyIEbErNyl9JElPvpIHKT/g=","LNAQ+1IhrYCGnxKa6wRe4hjDEfP0DK/5JONt5f4x46o=","KEoDH7ptdFZ0K+JzmB1KtmApvOoIFR9L9FRj288I3Kw=","IlkVQSdIPP0ak/8fRTRxq/K25KdkMFw2pr4fzhpN8r0=","XYF/9qIWx7dfQsaFapGUwt4h2q/nw9htUiAOoD18eEY=","o+DXGJKmjcCtRM28GYsrLorTBChPe1efJYr/70aPlrU=","wAMd+p9whPeMh9dpL4SllnnmuhYwmAN6rpzjgrH0mMo=","dvdDx2oKum4eeCbmk6qceWNMyWzSDPdiCYVMD1hWbjA=","L5ZbscgIu5n067INVwykMdUw8fYCk/Pu1suQFotiFYw=","4qEnMmGTNlcCxktis4Wzk7bPNr7hhXlR9mnEwVVNpzM=","uXAgNKKe8osyzv9jGqiWciOvgoP74Vg5f/d0XrS8PhU=","1RXsi43J3PazboTFkKzTfVHq5WvLAEDT/lMDitYkxtI=","5cB19m1zQiDLGHcDisMHAEwpU5jbYyz0gZNwfqhBevo=","4vbkbxN6JyvJK0ecaA62pACBBVuhy5QbDGLg2D+1lw4=","xp6Jt2Lgic7BmnpdQ7w4W3rZnnUH8+XPNujT3fAZy0Y=","ewJArpvhuKvAgefQVGuezeuiXBG08WVEX09lwjenSFk=","UYSpK9hxjThyhh0J+lX01tiXSnU98yRobyOrF09v9jo=","SUZ1oQrNI9m5B0iE7W1k2Y4nMGMluiOVz2wc/yPAdfE=","Mh4Na9MHXgZxecsY331PEPSOSVK5JGNQTJG1FdSL2V4=","t3Sl8F3XruDmZaoXvye7zv5FCaRix+NME1sBP82NlPQ=","tmh4Oqja2BMtXbALKP/33Lu8ssWYSuXzAbZI+5IAH7A=","DuIOOIDk+LtKQKTUY4hgmLJx/UYKGehDGueH0zGsOEE=","nN6cbQJw/fymfGS1FlHBszlLWirNjvNCOGJmF966xP8=","/SNM7865kTkHwmTjAkoyXoNgif1qzAvdMuBLWTHBQ1M=","YFoxhMsRYGDcUY5urXDL+490iBNCVF2BszS/mwFX1no=","QzmTiLh9L8FUDUlyqhKtm17WAbtMrDC8eaKeFi6NZZ0=","IV1bBgH6kc8RP/RrqNQemd3d6u8CpW380gcEGfh2BqM=","fW0oDuPE2O4lT0svtnE22hvCvW5bHvvT/m1RB5boyHA=","R3hf5zutMXMzZZmvxLqJ5LWgYRDCOrqIf3sNhpc6Nf8=","KBDlBP88SI+GcO2hh2BS3FZthqPz9nn3tsp4qiUBSVw=","5Ci7hRhIxF5Fjchwa24UOi7z8P0U6acsJD/MjwIHv6g=","/x082KApbg5k6H3uNbObrjypJ0JhAckXz6THDbiEZxo=","NdzP9cXiZ4iiTY24ZRO2b2dmU/TWpYHflwXS4ESDPQk=","SOnZFescs6cobXwycZ9tk88/71W3jbyP28VtbBRELO8=","RLEud5U7amyX2uV8zqtqNJtkEfqd5mLNe4XsZgFAPfI=","EYfXGeMN5s3jf2N6UbFZue3o4dreUWbXqagh7AFNTyw=","X2muuL7W6DB+TyGholJGnaarNKXYTvwNkm49T57Ynqc=","FXib+sS3e3mXDqJQrtn0JbRJp4ee4D/Q7NSljmItuqg=","nhyNrTHU1lBwPX+xk7uWHiHj2TVB5ZcDL+kaO+WYULo=","cAZ5ePxy+lB9EKAzACTMP7xGppUVePoe6xD7wAnF7CA=","vledukpkfL/Cb1DNb3jsas0gdK3eGSF0PmtHNrCgxT8=","o5s7czMgWCkIckR5h1/s1G7+MdIakZriMm1AZzBJm+k=","yFIrUqH/BSESAsic4stqKGL8u1vPUJkIfGL6CMQmL8w=","xKkjuaIDxQn/j1BiMc4ziGd/g4f7evDRUTzXvaCK8gc=","CCbLV7KmIEsgUZSlizuFL9Chds8khqx3KCNl+ohxCeU=","ft5lU0TYXjmhyivCqZ1NFXhftRdyljcN/pt4JKpTXJA=","mHskFYrOff24MCGUXXGaKl8SBR7x4y4+OOxcvvyvQGs="],"block_size":4096,"path":"build/parseHookNames.chunk.js"},{"block_hashes":["wl0TsD9erljKQ63+l1Qa6ZGdPXrmZUlcuL9IFcO5RRM=","34ibPeq9+gJ00TMw41uqqOxcqoez8qfCLN2lz60dvuk=","J9etM67FSH+7tU6SjljhhcrCsSaIIKUcG70ANnlHYic=","sNNh89Q5qg05UOB6dBnMC3xee4sf/rdgwYWSOTGquOo=","6/FmM+D5YO3P9SafDUUxWlZ0w7h+C9nR7azSQAC2/y4=","ufhV/tWjTx1+unDdQ84v851XA5B+ONozM+MnBfkYyeA=","TWJH5bAHUWykvculSStd+YGXhaR6+JdYqBQ0y+uwMCA=","BjngZG2GuEeasUHSOc4EY3ipnI5xnIyokttpcVUQhcY=","gB9uC/YcupygxTE8wscjHM2vKagglc/PeZs4ZoW/0oo=","FJPkCQjxAy6Y57WW1jImF40LYR8pz9hlgq91D72YNDM=","Quo5R1XPGUxAWwpZThoHCl5mh1Hez0kM5C3MYbZug9U=","A401oJiPcMUGesFvtZ2+uaPIApg1o1yYbiahEjQdCCY=","cllZmWRgoHP3pzq+J0yR7x7OVZp0JHbHO7rOs9pINGE=","p+GphsmFo2z53TmrNB92SgVLGPlemJvj7YQ5JvhAMO8=","5ttEWF/1OuJI9IPGq7sVVmCl8FSTM0oz7GeIlzC9dwI=","ihyy/Uqyw88cFlF1Q0GZhpK1A2K+aJEDW1kjf9GecqM=","YCFICPtgGtmliILTw351NLa+WQD25k0deBsP271s4gg=","riqk3yCdfH/0PUcm6PPZWoCJp9F85iMZf8C12XBgsv0=","XSuW4AzBR+EbWqVtNMVjsXpnLEEXgAVI8Hn/+Q951+Q=","ZkrEmefiqRjyNCyQSBlfHZhfUk/fCL1kjQlGIyWi0Gs=","A4MLl1Y7FUhMVQMdZSBpMSUTLEKKv88zJx88TvLoE/Q=","A+ULUqOd+IBnBK1LMIxVRYlivma7OD+s1qqQBAMy6Cc=","S4a40IwL1fXbvEDJ832G9GJ3LyFAJOntKSX2XLr0NfM=","qQH5DxxSSo2yiupUYZjZHgCT7sDGwOybrF8egePfwBs=","xoLWbSY0JPCtuACWWEqKhOVpc/bt4qS0BiP75UMprrw=","TN0t8KsNJAc4c/o+ntZTfZDAwIYQL/+SwQffkMTjOsY=","EvCHwgYBk5QexoRmhsiX1zjcIV5vzWVQDqXZ+ktfk/s=","2oU+YX1EhyuO/RlCPY/qTxAjjFwQjwpOGuY5x7fVZeo=","jF2Io8p+GXDyz4BvuLkgFC2DkqS0+4Y3fRMbY8xO6Dc=","QxeAQIHeAesAL9nFUaNLmkmM5C/vlCNv+UZZC6SyAw0=","mCvn1pOHTVWB8+0u/vqs+Tvaq3BkBh2/vtxd/AQLGjM=","rWWzPjC2lvf4vh9OebUS9esKEbT3/DUziAB0tGJKoF0=","QulN7CriMeVkdJYhnmbxVXdKN9+VOfF4mWQcXcwFV6A=","hJoSIvJznm4ZyYQqwfwfOx/+xTmIXRi3kIA+6xWzi8w=","woGUhbAy9f3hsTkWiKafCHCXYxEqa7VWIxjpsm7r4AY=","xLzLRgKKlCAedVgQA5SDxiS9hMqINikYJxmuwATeiqQ=","3NkKczwku1AXNWoFyLhXNboVtq00bUXQB+I/juJozEc=","C5Qvpo7PAvnyfMUV6BamajlhsO967ccpF96Dmlsxkek=","9gkPKYFEq8kw3RGMC7zApmdu0492aVGP/78Lubn6T7U=","kyinT3qhbiFxqP/HERn99EGJKvBRJeJuD+DInUjPhS0=","fsMun5hEoKmmCTd/VNjnr3SbHSFLDkxHebXn6SkVd6o=","pYtn/wyXHIyfrpBjRA/5V7L0NRPw1TNiN/+CguOFkvE=","w7MuOGbj3vrRmRiB+61aP0oW1hGmMydJGiD2rfvGDCQ=","sZ3O3+E7y49HuoBZFt+egXQLd2ByWsWl+CnBCd3MYiw=","SZSTzppLFaM15jO2Py0xbVH45nke2zZdS2EC46v/5Vo=","xOEWIKMkbozNznT7CHmZELaK3j0H4lHOPYaIPRqfSzY=","gZ5xQ2hgJLYlfuUOqcMzwq9wGY/Yl23DIXkCl6/izKY=","XCRMk5cJ98ZTK9YTydFGYSEWjKdCNA0VJH03YhmlLz4=","B4jHSkNSwiET386ZosTdaiJtMSL3vCvYE20Xir6X828=","QBmJtItQJ8zMnxbI/RGSybQBvu6dT6X2YX+PampQ3Oo=","d1BY1U+p5g3VURXtxtRq30pCjgOFrwVGbbiG19NtqJY=","HxXlmaG/aBitimeBjsbkNZZ01JMBVlWzsdKweeae4XI=","h0gQDoa/JrehI5u+Fwrc+SKuzsVB1+Y0ggLy/SKjBm0=","4nuXPvXz2Ig24njmjeo1FRZFp96aPXie6OToRkMOHdo=","hCOlacvsdij9CIOXBdytr+OaiopBLLgrFZlYeU9i7cg=","WL8Mmsa46/PRW6jNzLmWFlNyt+7zJEe6wPCKZf5Itmw=","Ms1rW7U7qPJwglf8whdf4K8QSL8Fhl8jTe6dWDo3jV0=","CmsaakK+ODQcVNiguZ+X0ec05AMK23Z2bhXnC4nRABc=","SmumwZ5x1p7caPMZ0JQbB2zFgl6lVWFY/X/UbBGBgeo=","wq/FwI9Z1brFZBVgyyJSPho52A2gnk407gZWH6JQCWg=","jpmj/x70objAowzr6ma/gKUllcUHARI8/DRyLXUUqxI=","c7729KquCHSn3KQgTamLzeEJQbJiAUIxiJyvzut+J84=","qgW2g7A44WmJmtGjzntK1VKRJuyit12gDXMbYX0Zrhs=","kDrCbOrnemqB34oS1w+ajNLC2AMAZ0v5m3HZyH4kemM=","Vxx72QRfaQw3pWwH5JM2zEGVdk9VzAA3xbUWM0ZcdFE=","d95A8i7pmSmKSDxAwDRnmOtEVtq9TB4qsugHJ0Z4u3o=","pTkSXh45sM+TLsyOB9YSZGhg9gEmnZsBJRWeqWdP2DA=","t2ESNbYj2KUgJKrESCbHzIuErmef1zlsW+nSD9xfLzw=","cfH4Z+p5j3nFFL8qLrXfj7H0lhVKLlIwG6cvhry5q+E=","U1e+69mu0R3RmTrkVOtg3FmLJt7a9DxeCWmWptMQpqo=","zf+Gyt8i/W37crOExn+/KbCPsHw46U/timnpl5kwgDE=","UUgxb/z3KjuHDWirtTCStT/rda3GDhijZsroQukG22A=","4Sv184jvUhdrXMKk1U9fsDjQ3TUNnEhw0ZGJzPF7obk=","4Nr/PvTLS39MyL6oYazZ8+MFcsJmiqmBgh0uHgOIgz8=","+tPTATE3UqicNQPY3Xc6MQwvba3GrQ5s3WBp0sk0VXM=","Y0vVhivQ68ttgkMCjMtQmRsdc8fC8PgWc2HK72ueIVQ=","o45YmpMcU8bVRC4+lIeRz1UrKftAZCjBIPJIzCPgwGE=","mRKxmssad2JBbFZECY9GpKAp8nCG8No7h1xa3/cs7M0=","z59nuF0Qx4UqYJSiQYtUY/NuGIMUG4NdYqK6iBwy0lU=","l4v+h9bSVJAWXV9t1sxQDugNQsKDyJ5Jg2C06Ch7UxM=","+1mYXtP3LwT9Ldnh90Tm2s3Y6UrzyfhLKEmR1PIVT30=","KZyrCwzjq1XljWvAyXVHCDw5VJJ4qH0/P/3yQKByGpc=","ywtAv4n2U6PrJZ6TGRMLDTkrOSeOqTeEJrh0CQVYq6E=","LWIMfFRXeK7sCyq7Lt/qCmZSyQAYL9yP2YyQaoNmiXA=","RNyCj6n5lBXV0+IezvPJ2de3FyX0TGoULmn9gsa6A4w=","T4OJ3HKD6m4RCnL9U2R+MtbXe3wQZKc2OAYs1Lam5Z8=","mEgak8dCJdsB3A23eYwiLCBSkwbydvmKvTVT568lVD8=","84S++saGWkkF3kdAdYaJ2JOfpwkXvqT0mdRU+cf0Cuw=","q3VRdTsbDNYYDCtKCe2AYsC96kZltCy3w1zs2LCXSl0=","1+B7YtagrmPUuciPGNIBaVDPMYSSMeLwoMj9S6hUXc4=","KQEoEaVpAtZ6fjqSGUq1RaxyJTJg0+KxZD4htKdaKng=","P4CLoJhMJgWIO/x3alw5Z0GDSNAcB+CNMjLzX54MJpw=","vZQWjsQVxt8dfvuRE1OMoLW4DdKmsIyw7DTqzVRZxG4=","hjXAVcHG8mk9qzsgh/syvIpMKJLqR5QSIiMC2sVGJSE=","TAqxgHMPgAAKDYH2S6jaPVXt4BswlP4UyQgq22I6/4o=","u/hHxHQD4BXIJeYxOh75Kw40qHFZTqb57hH2hlrELVU=","4L2Q1+ofLRatKPZshr6w2GF9dwnTtub9rZJtGOUeLgs=","imIDLDbjbidY3OKAo4DSRg/iGQvSQcmrt6sIOFrgyMY=","XGTTIuF/ObIqBNQX+5+k6bH0ozrRMQn7oqeI85VpCys=","O4ZqVKFvYTLp1+TRmNDFpYpRr/SYTVNQXhaJNMqb9PM=","SRQfuLDjEV1JDYXtFj3JSClW/RAHFn6Cy4gREDihWwo=","MivKvvn1LYTITgcsW/Nn4duLU5lzvgna8K6sC5bT/d8=","JuoFBxHLtKj2xXxbNKKuSclHcgCeGZIl/iJWUdtSlss=","lBYU8zMxm8KtziKJi917KytmwP8I7WGaPwvo5smCEOQ=","Tob/v8qXn/9+z2/eGAxxbx88F2m/xzXoxaOUIPjAN8I=","VZMtvl57IgPh8idRTgyvrhhRqPxvqcx6tNv2qBhyUtQ=","AM4LyWYFAqkue8L9wWsQaHVtblEo+1Emc/fptnp+4dw=","XLSBpjV3y2KMZAnwcGyeWvSznypNJ6eussnAdaqtxbc=","M1uhyxfkCDax4qhE8dRHLYvH2p087E68zeeBJrLGZVI=","ASKX13py6/EUN2RiZLjvsEfq8L/PMUMcF2U8DcDBdYM=","0edZXC9Td1yiSL2KJd+kSZTQHuAsxIYpVeMQrjIVhoI=","5TV5/0BXq8ptckCbzmEKGljtpN8KuO7FBuTk7VMT934=","QFN2/VKf/Y2Hrb6b2M2n1xrxa0Oe3noUaVxkHPZV+Wo=","3pKBeZVlQW4k9o3U/RmSjK+aznN8CrGLwaD2SyiRhGY=","PdPkZh26A+wDupFoL+tWdX3MSgINFaJlFkop9d8ToK8=","4lg4k4aMTyFICvwLpEMw8bKwmprwNZ/B9Zul27DTa4k=","6SBxDW5GzYq7N37XfrbTXEXoZQBKCeSIjZPULCd9dPU=","+nJgW/aceUsXpPFVabB7vKmO4TVAai9pcTh6rBVwmwk=","9STu2e2a3xraIFeUzEqIeLWxO25aTAOe6MhgGCjV+Ro=","toNGIsZU29IwGtPH3TGHaJ7AqNEPbbG/V0Ytr6kAIe0=","Lt8EgF2T0UX/nV0O0dZwSVG8I8agUIAR/F5ktUPKDks=","N2md0u2+OmUxF+bYfMOZgCNhGFrUksgImKVYwsVsHc8=","9Dhn0yShDJ3R5hQJWztmnDvjctBgALayF/751GA3SmA=","CfkspHg0IWBKDMjEXW9Fyo57XkonsVSiQ8pot5fAt4o=","Aw535ABZQ4A8kpVjSC0gwLcSNIqXfAiSqSRsC+OFhPI=","QI4yLvn+p+qnw2vI4hEulU/T7m387ZGRZv2B+8UUomM=","1to0pFaFq1Oy2prk/EaVAYWFbSKlVG2WKJS4sK2cLQ0=","txhwXoepNoSz2tHsDeCaKx18+LvaCnKLboWeYW7dJZs=","DA6Z6ljsLL583HjeZ0m4jFksiPWIaY0SLdU/zNzMzsA=","QreQ6UoGWYzRAGAc8l9awo0M135k6j7EGxBjasGdJr4=","It6zS37MELImwzKpv736bMIwjW3yKL5rqXjGZU/7Gss=","qeglNZfl4pziXD3arpBZmOIClvsnSA+xWft1MEcVgtU=","Ezj5YzOGXYn1Egh7QSZEDcnOdCljQ8/wmwZ6bjQpuBM=","a+haysKO9BOnr/2YKLO11CENNmUXXzRpxi/hdt5cWk4=","q54wDPxA8wn8WgammJDm4YndfGRxexEd9AGsUMMHK80=","ymh7+SeJGqn9Xkcf62gtG3xDD7lXZfZlerw8MH5UatA=","Ad6ds9rPS8WKNm8nQkq0FRbhiT178znq9s0FgqlT7Do=","gTgyfCynT3+mDAKxbD8rF9/8Egq5mKckC79MkRoxh5Q=","HOXt2JsXgIy1RcWI98Mp/ijUPDGDNEYMg/ZeUBTRa+0=","dKMHxtS4XJHh1qA5TFqJHC7iL3u60S37sO2m2Uul0eo=","ydDaDaOGSz1nbirV/RS5PQ4oeaV5N+g7yNKHUcxDtts=","YvPsHHHOikYWIduuQ3nhoo5o9A5imQWe75qb5NB7vUA=","IANZ8zKVuL9Sykhf2tnSydfAkG0VX7C7+eL+Ty4MXT0=","rOKMT3KHxi60Pb0rXo7x9YQL3LaiyVetB04LwlZ37Js=","9Ms32E5TLBHD2Itp9qT5494bu2d+JT+PVv/Kxbt7BWw=","O45gx5RTu/0onjgjBvVCGH0aZXx2ijNuhFW9sGkIth4=","wJFVCwH2JcjaIkwtf0AoJDKSLXlsH4+lZj9aDPOaqWs=","WB6V64XQRVfaFgaWSzts79kmvsm3uCWlXVhQjN0zFzE=","PfA0Ns0cAfKkk9JBunfBZy1Y2ajhDDLcMfZuJTbjFQA=","SNV4W0pFcynRsvu4p1D0jiq6yeHB+ShMes65fi4ZxLE=","nQR3B8e/sPmEybSnr71vj0cP217GUEY6pUcXlhtJt9I=","DKcFNionENZHj13mExq2uEJIlOiAp3OBMJaFWk3v7+U=","aH7TMKtOTk6qnVzS1Un2Id2RKlc1Mw2X0E4tIr/tLIs=","pCtTIvOOiU2kzs9A5uVrkV1/auEVf1vYHqinLULngho=","Dz6sDJ54XPQ1fEElSkPuXUaAQIQfU9HQjsmelFOSHgQ=","/4tJaiwHVE29WNa36CWxQXiZQxeMNQnUVtHxjl3tFmw=","okX9ThHfR0PNr3ZLVtwBu+HCN9MEa8o1k8GWR4EkxQw=","ntfHaE9IlX0E2Vturp5LBjTuy/0/VpkWu7j8I30D0Tc=","6T2O5Zg60VTPcoifFjbKw0E8YL7QgIpy9uCnGm8UPpg=","QxKgaMIZtTQX+wTES1zzw5SNtnIx/NqbzrMNrFw+Sow=","n14EFu2RJ51lUh4L2AWfGBM9qy8v8AIf5IjOpO4GK0w=","xq8ZXxeDqQK3viVMN26q8e1tNanfZWKHizNI9rZxRDs=","XABZQZOG3OKv38BDSTzC2+JvKO/BqMC9o247sfq3gOk=","+zqtRxsySyj5BQers9RhxP0yrqLgswvaOh4OxHMaruU=","GuYn+aEynnh+YM77kNo7X4DLoVTdQ0QzcK0LylAYLzE=","KS1OB2znqyUvdjGIlWAc6Z1wrLu4JUJ7VW5t4nlaEh4=","+0Le5FA1Q5TSCd3/DkXNsTlDIWXDOKYwNG6sRhyHMvA=","b5mPLYxnffdhICOX06rVSCLJa7CxcWSrQGLFE/q8GXg=","7WITOaRoDbEcT+34Z2dyKcoBqjp+WH3RWAGs/3Yf7Q8=","M7zS0svumHr6KnzySEtCG7BdEuNPuM86aBAUCTdep+Y=","n/MdcTHbsecpr/Zrf3SbNK65mdrdGuf5y835Q/FzD1s=","h2x9Hfi3v79MtxlP7PV128KK3VCrpd46fDpgvhaE85k=","7GvCV9FI8yGehkiH7TMyLBY3tlvviHK0X3Vf7EnLE7o=","BhPIwcVrMaZbiWstRRc/Uw2qahqEf/uLFYMmVp6cPTM=","ta0fFT20UbDK3V7nzrWFNEKzgnvgEMwRu+3NTSucInI=","ydjv/aadq3efVvD7i6ngxb/+dN6Vy9bt2hti5DrKpMo=","lKY7FsY0jZgh0qgqcucgGF+3YFH7OU39pXAma5DbCnM=","YEkks768MpN0EHnbDd/Epl3BPS1PcF9T1YRNEbmcDFk=","fYgb1nhQwCdSjRrjpotREp/hxDLjxrkOOvydXrADkvI=","QJCL1mI4XgO3c3MwVlEKR4kLzZW/5gwHBcnLryuWSog=","2uG4pNv6JPXJ8VQn6b5AH7tkW4P0qMOIEB9Bc3dH0KU=","OJzelzOHqSOGAUd9oYN3OG2fS3IsIDdwjJJwC3EJcQk=","rXEdH+aFoUseR+NpC+JjS+7Pmsi5jQQu/vMYAlKqznQ=","oxgKFtoYG0ufuCscI97XzFhdMcXjUpIsYk5GcDTvga4=","TU/joUZ8wRHxYdMgImzscE80RXckuDsueYePV/zXMOM=","M63KbOEtinz32n+YY/lzE/rn4XKSMyoVpQ/kIQoKwro=","WXOPOaokkBpHWVMe/ifyoSaMejkNF1COsiUB19oj2Vs=","8odAr5HFgwpp5RqPnASUZ4SsqF7/IZye/fgsB0Xhx8k=","Zw08mAwd+WvCypp3qxjQcWy+3WNlZTMuA8NN12pwT+0=","UWenxOeQXHsQ5qsiT82zTqkrnt58W9255gUa8f1Q1eU=","lb47EWngKSEf4BQRkAFqM4MJMLogXR0q6oAJZwnjNk0=","OoxP9gsS2aW8PZXY8ZO6EF7NadXjs7DCGaXD54I53O8=","yzHRSKsXd6v97zrm4v6WSazje2JhQ3NlwNShSxp/64k=","o+V67tZNCILhNzYjU7LHmIKBB61rnE2OeWjNlimQcRg=","O9dXps1ilhyGm96RT4eCwtLj5SjkaY0TIak/Au2qCFI=","OlyvZzX/rP3bSYJzXjT1//kBGpaxVGjuTbsgtFEPOBg=","0tANoywzOWtD2t9/4go/2oVpI170j6qwBE+/C63GRDk=","5/q7Iv0d9LLv3/tkXNBdjmKxiBa0xDzY50+fIMw1N78=","RWGo6JknuM986sI7hPS3ZUYNhy6o99V+Cinz/T7xkF0=","UXWdOQdDO4kZtZr/Tm36kwR5cnJPL4WeDKxAm8BafiE=","lli7HUHFZKJkCzrH42C9W59I9gVnYo/87lUJ/hXBO/c=","hNqFhlu3qchuawM/vC9tFawO+cpEv+fWZnudkzyOffg=","5RXzEztjkmU/kB5fqWdcmRugofeTtLxJNpdnj4LVFmg=","RIIuIos1l8KI87lP6Tqs4nbwJC70ya6OKo1+3o0pvRg=","Cy+kLuRHoapypSQI8NLfwQZSmJ3qmsmbl5oShUpeboA=","TwoXtnmk0+VzlErVsu5/9OxOzPbZPDfgGgHBtmTrZf0=","/IH2DihrnfWGOUDWzZJ41lcLXpP1zjDpWtzUELOXiC0=","1jconF5+a6GEvd34aPTQQ8tYko+BrD3faVt4/HOiNCU=","iS3vWDqT5gMROjJyfxwbrNRz0V9Gd0kZwlbnVsIE3Gc=","U8ucADb/bYEiCZYdgHLkVIqteqgJ+IsYWWRLUjppmGg=","fgHPMz/8kBXJ4oi3JWma6lkv5/sdThrZOAKaX/QhPvc=","bDxV8flSveQqnsK+zWjmEHqMSIx+t1kMfesCmUzBr0s=","l1NotrdWIQsa4plrkhdk28PwM34LLAaOfZBOSeY9M3w=","QsKg6RtZDX1Et6ES4gUbH76RwdP5vWwaYnyHRZ52pfs=","aKRh2jQA2/QgxjuYEWBnM8kDjew/rNVrde3EAVznKhQ=","znRh0loNqMVq2wZuW4Z/X1haPPJQ1wJCewWnzJys6xM=","KJrAbdUg0oQEalOMZ5Lde9UwCeDZlOLkxKP6l49czsc=","7rJfzUe/m+F1t1gb7kQ8ZiSEsgh3/Jvcz98UrtmlhSg=","CBGLIE1qGUpKAsa/Xu1Zk8u3tMi2Ads5ZNfLWL+2Ssk=","T/huLZuJBZNPevWzxk9X5mE6xLB+41aTRM78wh+TXYA=","aQ2j9UQIgrMR92vShBMKbKImn6Jt8OoQ3+SJZm+FHgo=","oDcIGqzNJJRB0ehAnof/kqPlOKK5MNuXOr/zV/BUT0Q=","QhBV2kedXDajkwijJ7ky3vN7Fvuaj1+q8FlFa6tN/pc=","wPDb/3ygfbXqdf1OETTdXnb2N67lQ57w7oA13HbQ3Qo=","zA/rVrt2AzvyI6mZg7aLUR/sa8alHUE8HLbPCGvNzlY=","RGMzsskd/S07LNmKgJkMnaiMLMgncuxPBg7iU6S3S5Y=","VabPmovWLOjj5CB4AaHwpaBRfwCNis8FaGIkd7nRGe4=","nu4yMlVWD/oBc0BgtUimnRwMvJdgQUx3mo40PYlJscc=","WoHn0PMWD/pslvrJeh9OMn6VW8D4mq8BGRA/tT/pZ0k=","4VHCmq8ldsgYYFicDSdvp5yrsPrVxTNkSmqgAtum8qE=","fhkTLtkiB77pfNN8jPsxniS1xRZay8zTstphyViaW0M=","QbA8MI9IYg5U9ZJtCWRiuD8scdOmBcWMhNwvmOmXHEQ=","41JFzzJccIHx9GN0pzK7YTcC/tjqFHpYubKWeLrwhSU=","01lDu17q+YB6pP7ghCegQcleEhqcZHLm1LYrjwd6I88=","Kpao9gGhX8JfPyCP7raeNOvzK1WDxF/IcU5wL1fZ1Wg=","R2ax9xOFtlebtSPUnBiDAONDaHBOMJuG+UfTOe7YBIg=","Pb5wm+RjNdT6wnUk7tXfxr1mpeSJcLl4GOB/dB5lcYo=","M8mZOY5ZYpcQnUsslkWfdjadQnga42Dri2hADuKaK2M=","Xcz0IO5CMCpfAujY1fx14Zz3ah7tQ/HSLVDuNXSaTlI=","N0c1PskeB9oR5cb0oPk4Q14XomqaoP0JyVILv6VYOC8=","nWX/w7Th97oXimJq6MAvO0VUvd5PTEWZWHLD9oHLaIw=","Gul4ytRZ3H5Nn4oEOZgRuGiU1T1vIv9VMiv8k00baMI=","pX1G/d1Wj5NjH8iJbpIBjgeAjskGHelnbTzjif0kYos=","SHKUY7SWsUTH+GYlNW31gunKVMii+HKVvZ3tykD5ivk=","OlKV8uHI/lRMPpM+qxBlw2FKsUJUWHqzoFYP75klht8=","Q+WTwzusfC20vFXNepvuBy8q2ufu5ad1UpUH1L3y/Q0=","go6WCva+3P4RQRB/4ex0mRV9Dk3/sNKBjSfn3lJHyCk=","KV7HS2mf3orPhL98BoTIFv/n9cy7K9FnxTFjrUdx3Og=","B7Iaa1vTo59UVYGDPEY6qInM1AkrPQkYbWJrSp64gVk=","oMXYguM0hXmzr6w++ircO9Pea0NIj5U6/Xgtp81YQRU=","n+lcB0clkkTIKk04s95HC3YFeEOUbLK+A27rIr3nz0Q=","WkUSWwkeYhbo7QudMoKUI520ryxiXN3Xcu33dTdD06k=","yIhCyXMUG3rPh63rAEqhdJRqj4nnJcmgR/Ehzuz5zLo=","eAbmOwIkTiA6DblgK0GAjq7btIzlEtjnSQ/lj6RkyH8=","SpEuExy0kGWAjnSq34W8qCfQ9o7ie4lCswTB1DQHgGk=","QcuziJEKa0WbHtHoZtzSq8YxHwW4Cx4eXgs7iKJhHCU=","IBF7WZPCn5ZgGwq37bJvqFG+4Cg25MybgZAzf6H36hI=","DIxVaJLp6/F8ZHra7vbWDjq6+ZAgHLJlKnpdI+wafUI=","tMwV9B7Z+fmLvqzKGXNbvCRaVfEvxScJdjQtD7Hzfy0=","9Funf3LRqn06oErJFdUekd4GA9iZpgjxYrF+Ue5Bcus=","equxLtKcqicgcrwQnkyLmEyHcUyGj+XXQECkBIZBbKA=","c4KtQ+rGgrTkrSFeM7Giph8+nGpyxgnlkzmw4wTVF2M=","zfZ1pend5SEI18VKSbKSyOayDLNsyaTBNAhaRU+TogA=","Xq8R5syv0MX7htSE3+SRuM17dcKXItexKOKYoQAZV6k=","ntDuVTSGIHRYPxM3bOC+c2zHvWYznPuCEPjKtDjyFqw=","gY7c3/+g3EOd0VQgGoHUunsMN4Q/yVWGF1Dr6z4yEgk=","oE5CYbcemp+a9NYuZuICuWHmKF+BjIehSaz9mXf+VVo=","3LSFTM6LjfUQ9YF25bDFT2voQ7+6NYpaSyXt1dY9Ev8=","Jorj6FCY5OkFAvaFncQlZVQ031xJKSvvHAn3xTmV0xU=","N6zy+QhrLqy641635Ord/53vVqhMh7b+3WRbHZLI+zs=","1W3pGHWLdkTSDAvF3IOezCtTx+3iLEypZuAHMUBiw6g=","wx8g+OsOdl0TA9D4fXyfq2qajEUuGrBwg26VE70Z4Kc=","Z5DRYqzIhljAy5onh60ahRVmcFLA0jYkuzyX3Kz2HJE=","df8qK5x3NFR2+jzOnGZijE84qSeS/svarAvT+xEWW6A=","Pl7QeEmHgmkzHbvDGmqYahQ8kB5Zq6FaHWvX1OT+F8E=","jFNSMRVKkmWqIgjsN8rcrTm7mwmHgT8o6UlLUpHZeZw=","Z4KkdbybPZIAVC8kg4TsQrvHedvSBQl+uqw2O8pY/3k=","eRCZWW7e7WtQRri1vMVIruLPA8M3E2YG2W3xsBHtsoQ=","m1Clb2YRjGOw2sTHmKjWXMIcH1cfJ8doCKAqRNCe0MM=","NQzMa6kcOJx+CmirNFbQOqW8utw47jxaFdvmkojbE58=","O5d3ZsW/sX5+1POj6ZaiyMTOC3CMLa2kkWdI/Cqldu4=","PtP+XSsuH9D/yuPeKQ6SBLAOkgaOi8Z1b9U8uxp8gVU=","icMJlYfsUufucr/RRmu5c6tHzKZYzGejEYy95gbHwsw=","m8V5l6FuAJZ4G3hoSdxBtsZK4+luAC5iwH/nFRRQdzo=","5L1GyrrRuNguld16DI8BdrqbNpvPlDQA1c2mjNKi6v0=","xpDouOuQmrZfJhxTHhP0kwKxsHFhAlHmdCbQNkCDosQ=","FlkD25iNh6TB/rI6Mrl5iI6QfhfqX2L/ID4tX256SCg=","jPDu12LLI4NbPaopVPXoPrU2C261epqaAS4XnfBcNLo=","v5oogRw6n8TfjblkMuX7YQbFJx/Zyj7SspRfyDvHJuw=","ZKOsmlHomimNd97ofU0xWqcFkpaNklTLCV3joQzYB84=","8Y5d09ZLLed3v53zPEhD9WFvHodJRkS5hS8LDxBDLD4=","2cq/eQ+y75E9899of4AcXGutXJexEcETwL0W9729evI=","Je3e24H0niKyLgDHDUy/u+Zcc/B3BJXJGYstjNgrpeM=","CtFNoRHw7C8cyEG/VB7ymA3NAf0l8mnSIDGM9Yfm7oY=","FiQF/Bj8hy8YR2ZV0BAdzEeY7Dq8JAjWxx7B41evA3k=","QjJbOZRc5+D4GTX2UESBwBobXWzBuczPzC5wMFZO4FA=","9euKS8pxW0oUnlQtCxNyseR1n13LqkXAXRz0FBLS7Bc=","XliUxUEeV7tPgmBX+vIhC+sMEa9avJj0wih+EWDQlRs=","59w9hefHZUae+PNl6S9gmmG1ulNT9dIrUAd+UhagVuw=","g6BX1nmXqmKwz8S+KkqmfVEY43dE3XjHDkYScyPKxWw=","xOAfYchof04zvllf4gkcFjyZGEPPcQaKvc6oRpdhD6s=","dtPOXqplrrR8jXS4bRYXxXWlGZp/rZMQhjZ/nqsH6Go=","pb0fL21xG7T3i7r4oaXbqalZ8FqlVAQfiZEo3Z07FaM=","kjhci8fE7UcJEkr3PpDdvnG2d9V3EtpOGeDR2a72McE=","fb/Pt6nVzDjtGn3tRF8p2hpQiv5qZu030ocgxDelQr4=","HvElxpib53PDf5utqOa/fwadGjC6EfgZfhWi9/CQo8o=","IrCjR9cGmaJeaBcnsO/hPTTMHn0JaVKVfguG0zVpaw4=","hhhI1DnQdsglFlzuiNCAlpKUzcl9Q7D2Q622Bn2OQrQ=","1NNxeerw+Txn1rJaQqM2bNhRhKVMAAs7lraMDCR1Guw=","DBq+9N6ibYoNJYVGoIEHZQl7TSBR7oo7a/JmnZdZZWs=","4j9crY531JESZprjl5kZbCrQ/CBJnelUpP6LuU9Cr7w=","d5yroWaCCgXS+pymJ3guxWu8ixpFjjfgC7pmRVp26as=","0jvtfweRn14WkFxAFSAodpDpBIaYzE4wN7HO9mtXBE0=","G7O0SKjiHUOyx08Iyeep7uVsEIses0U/Ui3oZ6jWANc=","pExLH6jYWDOLOzG0LPUsv1JccJDeX6TgWnv5eijtw90=","naRRQZeucobY1XE8firC6L0b32V4YXg+EhZZQfeW74E=","WtRCqENVbeNR4oeuDF35MsnQYJdpqXhzfdC6rMiQ5JQ=","0qVEjOgpdPKzgJzA3SS4X5WMd1IhyPpCE612hzSHYUg=","yfN+5fjnS3HOfqtwo3h47oAzQdVKxJtqio6pC1XqXd8=","NFMU8UI250Mth1FzjXvNKyYmDKl2tRlf3p1TU0+43nU=","hEh5ePmdbyrV7zgzwJwrYfYIlPHQtnSFyNmRG1t2oiI=","4s8MUM9wAywUWYqkxnkLxwpw53pImgx2+JZUfDbHsm0=","pnGARtFQu2F6K3Jg68dt9p6dL3jJ57xPmXjQunym1go=","Q2GZH+VazDdIpFvzoYS3TiAtm4FATPBP9M9aNSbjtts=","lutIDylmAuiX85WqwW3IT+bXQSzIG/+1ODoqXR7Yz/Y=","rmfnLLpaGmOGt08XEu+yu2egxDON0Y5CcELwbPZ3BVc=","48bOOq+uPs11HHM+fZrsWs7bFf2k5njFL1k91ZTWEmo=","cQu3o/4ibAJLNpbqm1DRRD6T2foiwm2UFNcrtTSQZSg="],"block_size":4096,"path":"build/parseSourceAndMetadata.worker.worker.js"},{"block_hashes":["tR5MVumRYJPwK0iJYz7TE97n9vg5PICNwDmpKtlIlyk="],"block_size":4096,"path":"build/prepareInjection.js"},{"block_hashes":["Xc2OUHrRljgkkcLQcWrYpTjEHAcfEdQmt+DD51mpILg="],"block_size":4096,"path":"build/proxy.js"},{"block_hashes":["wiufBUVu7xIZVqOfKboazXh0lirxlngf+hS5shVrck0=","BEhYWj9m58x+Zzx1SaibMyQp5Ymo5lpnPtU2J1za5NI=","5DX9qJCzMTNLD02+WiayvxkHwGtEvra0Vqj7ATS0+zE=","+EifQ7tkR4/m7rIKMLdvYNc3oF8P6H97xRkgnonbajM=","0ddK3wNgbXEdHzYGIif5cRCj/dbDwLOKYA7Dvq0yOAQ=","A7hg3ONKkEzY/qobsfvIAS/0EpnnLKPlDl4TIbPScfw=","h070oYJqcy5wyARZ/QgZl2JGNUxwMbPpD91IeDRGHho=","8+EWxI/YqW+sCBn7W0vp/tQdj4gOa9fqVfOfz/rf20A=","WOF3psz7nC82EAEs9l3s8RGxwk5+nUwxfEb5USbpDaU=","dZIXY1XXz9XyY+lP+4kDOiE0WNScJQhNmGq4dRI0MWI=","Xecm6sexJ0ZJPokBTCklBV++jg9yStLrW+kkf1Wwmuo=","Sd99HzSm3MfFY0w4t/7M1zr5UYFoZTvrK26xImhcWOg=","myQmlnddAlFhWxJhcTAV0kED5Db9XNU6h88uKrX8PgE=","8P3ypzjrtj7eZYJ9EBXRmd5bMaI/8Sr8DwBApB1ZxlI=","HnHIODuSUediHHoQiDRnkv0opwfyNySSeWQAzE3Z2cg=","1mU+YExTUE9vCjwDhwyUg0Zvwbc18oZqRnhRCGK3i1Y=","QmVY2Oqh9J/Wco6KwxhGJLuIOaqmlB3+4/mFWtDl6k4=","GeNT1ZNTXyc/yUOnlsDIJDXReyC44SW60TO0vVsGF6o=","sCavRAgNjnJqvntla5J567vLjHdhk5n7Kik6bMs+O8Y=","6Y+KpODNYtsLjtW1Cmj0/qbz0iwVCVREhgeVXFYHnik=","BXOKFTjO0puURhdOXGJEDPze32ex1asTbPnHwXfaj0E=","A+V5oBGEyWuT7zIonCRU0jx0pbCvcWQdOSuyUkJlZ2k=","4AMs2U61xbqVk+LMKzDeLPmOsJ8Bacgl8HPdLmds0Cc=","vToYNSzRdCGZbOfXSY/9I2Yu8cF7tJWeIRZKrLlJJMU=","yNaP4ma3rllva/b8KX4VHDv6tC9rRcCRgvGSI3u8BL8=","I6PMSmjGJXgpFOpVjqqEuqr8h97BVnzSQGKkVKf8t3M=","X3nq3TANWi40M3gPUrj3PjImX+JPPP3lDrSCJyNF098=","1uZAtgf8dn/TkrDU+mylPH3M69blMeoDgkFaz/h0H/s=","3G/Kk4yni8c/p9cPxhyyE/gsMV++1BkEzy5A6ly2Nmg=","o9I5YHMSqsGMAbwX8Qg3eykPauhBL0XqbuuNPOfSm5A=","mDF8p4YqXxsDhPnKYd9W4Cejr3OvIzbLRLoy1AJbJB0=","2jnsN3LkbblNVBHttzniWcn6RON4E07Z7e40lqAzCZ8=","aQPsl/O+DbgWyMidRVBfZAR3EteCWf5uLRJSTRHJwj4=","d9vo+LC2Y7ZS4oKiK5nGebCXErZzZmeFMyQ5lxmJ8Ek=","eI4BhkHTpSdMgQkcibUn357ohLCDoO+go6J6KXcVJGc=","wSgkKv+wqgrr67zBl1xxMXfZ7uIOjWKgDOH+a/G1IjM=","a5LH2F8LgXD4W3bJk5B1+dGD1kjb0oLcYPKjlsnI2jY=","RkcTYosondo9qgJtooPjdaTFHFK7iP6x+ySRkJR+dII=","BkNK2jBJizzlXG277QmHLLPQdwo/8W6DQg0N6hREl7Y=","MEGfORC1k6jtbsCiqkB2OGNeu80h84cpBi2aSTFSayg=","3+JIV4mfHn1fnMS+rpaVSGTYHLarjR/7NskfW2kNQ14=","DneTf1ax4QmVYocvJoLFD1nL6VTPufMOfssW0+NbZ2M=","6jiXgFp/T2R1XtgYBB0cwusUGyv87jVrE7schz7AVyc=","UW0hbKvy5v0TBVTLI9GaUs9AEtKXVaE7ciJfb9lPxus=","+tfrtjuowKw6GpFrOnmLZ1t8gYBp1v5aJshbcaV54GE=","nw6yE8WGlelynVD45CHz9l5L6w21045+Pl+Ufg2aTeE=","lxpW9UDkudG3214qzpyp0eQEqT8JIfPUPhVXzKVHurE=","Gfrw0Xex4nQNQPtkCQ503bw4EaahJLp5LP0Tcc+rs2M=","9LBbKWhmTMu9jYxFtUNVF8BAco/CUK3pgox5dz1f60Q=","8VuV9QWJznrJ5pYJTyEgO7XJF1cZ4eRfsLgQg7rq/mE=","oivP5pNMYgIJQUl7rm6GAj+b1b3MkkgSlPxDe0+UkZE=","v/BlLuGT+wDKA0ac1T9gV3Wj0yy4wAYeeC+fBw/Vivw=","tCbIeW/MnnNYqnYV0Rr+UNCjz1GbkPXpx0bha99mI20=","CbFmaRloOhC775XD3X4UiUmBgckrRl2QWPOfCzu/KSo=","O05tgKMjFxywXmC1/8htcJQPD7gn+EGkieCQhjF0Kww=","d9HqHeCfjpyvb5JT5A4vbb8rGb8wnWXUQeZHht/QO58=","86Ju3ARPJtHmMKGt2ON1OY1TP9gJFgF/QuF+mbGoAbI=","l9lGsXpmNDVdSLhMjtSecRwJh1TpWU2QX6dPuOb6m9M=","9bmHxQMMOKvG74A59WJ2vTqa2sKd+SmddDUBsx1QDys=","DAvJPfyYcw+KD2ivuHi6h4YRnNcmKxRPokyWap90a6w=","5LFlep3dED3PPvgBHiOJgd/SrMwj2Pn5xYIJt8+6oog=","IucJDBcKHaUrTpX95y7/cw2cC+a75ljKr4cu1UU66S4=","1JFOJqq+Pu80CwxcIpKobngeZ2+fVGO34r6JXBmRLCE=","XMFX6ArA3zhkbQxcP0XQcX3orcsUR9Tqe79m4mhxC7o=","d2RbuqMRsBgNo07fVxgLCu/fajFOmZP/6nQm8yG0XzI=","3HAqIHS+xyc6mbZGWVWLVW653oh4MB4oOmDs8BIPsxE=","QCJ3HrdY0qb3BKDHUQqTOsZLc7m1BcIRSGFc9gPb354=","ZltKI+4US81uGxiejFsXA8yePAota25OFMT7/gEPuNM=","f85Sq5HRJ9UozBpeHhuBgPZsDQPSzwkEeq+TdGg4VUM=","D6taJNEwMAD5Yt8QkVBbBkJqF7dN3aJVhXBKi4EH8oY=","IJsX8nTBnGVemRxCEGaHK/Ct4DMkDve/BRD1kShcQ6w=","bSn+L0KkBv0uCl6b8UXwMn5JrYk5Gy1JlOReyTC04vY=","8d9ccr/niovW0sV3pHv1TXZW5p0dmnwVzal99qBMPvY=","94z8e6TqXCPkYK4uOpMw9YkRlbUiVaM+0xwbaYoPGSU=","W985aL4gesnmh1quURMdaecPz0OCqFmwjlJ0I0vL5AI=","iwdfgeGOw+l/daWEQPrCEkuHF6Yx7KTNL8VzLEyiFYQ=","8Ooix92tMcK9TcMzZbOHk3CapVqfjF3LPImswK2JO20=","wXCTmadP/Gi/5GW9GGUitis+Z8Rp5T5kwefWfcDyTYc=","Av0aTP/I4PftWDRwi8M7Cb362RzMWdZI0+zYClqbfuA=","HYupjKXV7rUiRmqJvWmJ2WjPyBY2aTr522iio4HgMs4=","n1nCAuYfbK20qzKslg/90BOTkIB1CDXep4NNYfy4JAQ=","+lX1ygt3COxIsjVMWakyNvNsAeOZCJQEcqyInJ6zOOQ=","0sKcyQZxOu/RfAzoLQXwWaQGFiKB5gO32z9/VUxTQ0w=","jZKa9iB+VOAt7MBOKCGrVjbcn6sXJddAa5edfesPlmM=","s6y03mGM20hvkKXb6yTOGX/Dz5wErlwRs+ON8VJvCfg=","t1Y8YCnjAR9e7i3etMitWgbs/Qyo4oGdBnp4LvTu/nM=","K14ppz/B+pOKmiVysRflsQxTnWr0Ih+yf0tgooNgY/E=","afrwxW4lhYtZH/LFGaFXr/craqSz0NO2Sv0u34RV+XQ=","ztO+PXfwV1S/4VQa2zoeVJdH8DRkE9RETunYxNpntFk=","e/OMVwWVkoIidK7W8u8t0qibqopT+ZqDb/E5W/rPYOY=","XkN+wLYw07V1+X0xGF3rn5OOYxEH89xzzVorqE+Jrb4=","mNivifFVafDYAt3yjUCF+Ob4SBlnwmALNskFYa7svFA=","+sjwW/SFrUFxbHgUNbDYzgEYqqmDcBgBB+t50DMxEMg=","TycmXOnqnuuV+moVTfhi7nR1T6Sb5X6tgJSlxnNmLR8=","poVswyj0Imv6+ClDOB/2W7KhcRVb5GwV8ao6CzZrY3s=","p+0SsHdXtcm+5+JBOHE+ixdbbBjFJihTNwdUq90IbvM=","mbJXtG6xdaPyY+WUFxrrQXhCceOxx0AEi2pAKcDEvFQ=","/ewMEqjve/ek6ux5b6qW7MuaCHv7dcG/mmvpg3nxcn8=","VwFNWysd+J11D6OwRBP/Bx9M9VYLq6KEWyv6TyR6/mo=","Lm384UjpKB07NcTGVCVIZsQRpPhSpy2Y3xrz1ltdGjo=","UhSMmAdCBws/9A4P9xLfcwMC0+EZ/Zfz9scjYOmFpu4=","MkS4RNVH1wG6HgPNEwahkOaTxdUuxGpX4ZPtJSH7+tY=","ZlcKm2vRWW6Pt8CBS/4EHfXeN3vjlJ0263T0FVl9Kzk=","JsKTh7T/55btXtQy382uFM29LyJGwqGIHDKaTEiCCHg=","A4r00ariGShMlUalAps9uNbMByZ/SZZolk7xfzQoG+E=","xP55oRyDOsOLg2t1aGTVqibeiRhqeKgRX3U9ygv5IbU=","0b3sEXLlGwsrtbNmYPumM9lowRtNJc56+54gd5QAvGg=","J4JNO4naT++ZB41hqgqJpua3FDo/0yJPMFwbAtusZVY=","TMLq2NOiZkbdyqVp5eXOfrNgJpJWnsJPn7WFNzHQ+yU=","mdIMHN9P8wMWZunYzYSx9nN4V+1hjlhqf6ogF/EJhYY=","ncLKYs5/d2FeN7AcixSj/ApLaSsWUiRxJshB9L8pLSk=","J2LufA+yGRQfpLXiCgGSxWfvAlyG9Ah+CMqTWE4Ud+k=","CLuyLKJ+6i9p3ybjELTl/THWSEZ0bthBgTfVBntIEmw=","ekOWgQgngf3iizfSxGnbVKpsepMRE0QQzojXkpnTk3I=","sbzcrjctJiqbjSvZ0CORreIo/Eo41nMFmsNvqaUOff4=","qaIxMviz+Azu72lWVyE5Ytqmt9sMN6ptJ2FLKzd48Ac=","VcKi9F2i8mhWUg35AvHy2CmRETCbWMB27dI1wAQWAao=","F7CKyVVflzkiRZvJ39FlW7kXInAOoYsKagnbPwT0ZyE=","QdKRKe9WPKawV9USCaqa7Z8/qi7ISIjspXHpkvQq8es=","lxe16sDvhbQWo+x3ypHN91mwrguJVVGLZb1YlPAiFFc=","OZxPcFToGEONe/xrO44EhTeUslu7bBuoyFqO7bB/ZeE=","BxhSUqKRPdFbjF9B6Ea+vZYACR+9kc3PCwwc1Wxow+Y=","NVZk819v7Ub+72BqMycw14vZE+++zuEAG4qvJ9UWVUI=","F7iKuVAtC08CO8kxb/9EvJpY+/Z20UtdnA1xEjnoKqw=","8twqhoogwJZtKqVhtTQY1MJkkEbzNT8UujpClFiDEbE=","zCEdCEO3pDN8dbMUTELiL2JqNKBHhB5doEmJCVuESPM=","hvP4hGrbi2pyjeT/aeydgsX6qLQICKAn1YENX8hKD48=","PAxxRWjsT1rZkglXHdxVOABOkwjTGQbwosmjsmOnWi4="],"block_size":4096,"path":"build/react_devtools_backend_compact.js"},{"block_hashes":["5VLFEzxWWbwIExOBDhNMgw7Nw106qRnm7o6xL30pCt8=","kdkxydEEtNC19P1OgaYrkawmfaWAOdd6GcBnQ7KA3UU=","U4j83YvM3/b5bj4ltEwzKK17zTJQnWQYpzq+awIaYnw=","T/AGTc5TARK+oXB2Rli6wliKcK/vGb0c0i8sMGOs4Rw=","Q2iU1dLAUZW9egpT80JP1hgq1HrMb/7GJVVrsK/dZgY=","+Cafb+bCTvGYA7iGAoGVTUpQklOyA9k9wCaY0lBXb/A=","DXqdEUNk+xUsHbwaKcVjyrrmrqzmdGjNfR7wvnK8gWw=","fMUqH31+GFa2rKtZhAANf8PTKUGES0LuVWDjJ1X59Ws=","41hxjuCpk6RucdNGKhHHF5EqoSLgZlzgZRjzWGsaTKM=","N3MCqvZKuO7xub/q7kRdSWPgEmdQ1EV+hgVZQ5QrpsM=","vNEQcuOXr8OCyedJdaL68hyl85vBYObqmHoQafiI+34=","8cznhsVKjwoyjlJ2Ql5GLexnzHo2jylu4xwXSnwrA3g=","JUAGsaoYzyuMJwLABVqzwSO3XTPgVRqqcJ58nvMmvZo=","AO9woHkYLGmru7aV4Z2EqnOFRlzSoXIhryt3rNGhDvI=","vkFbV65gMpiPMlfjbWGSOiTNz73DH6humZYEGobssjQ=","qwsJimRSWFkyO1JWO0MYrYTjnI6kL1hkSn2zBzTuq3Y=","a8J6eO1kWrKePYzhqYdeyJq/PEozhJgoz6hYNG+umSM=","PZLX12tPRq4gzhuKFsTKQYuQEuVf38RdWibK2kAlA7I=","XbbrlF2S86YTw9ZWitTuDgKgL3pfqPgi3uIGfLfrV+Q=","tVZE+go9TBZEu93ZaXUNv1ERu9yKtcGLxLdsdtSsBRY=","EphRZHk7v3oF0BxUSY0abu/t0Kte4okUAtlAoNKY3OY=","SSNN2NDTRi+fqe3Rv1MiaiVB9BlgM2whld5FmHj6jik=","seUi5Cf98AwAyPpoE7DPPRzMuvf0ZM9nKE3UOIl83Lw=","Pj5Lzw6pVv4ihOjab3+eq8qOgJdLNc48dL46oIatLkk=","Y/tQfI3xsASxAOXFdOEeR2Q9K+vVbXqXsFiQVEIEDus=","AzmapVFNMJc+hLCSxOJgQdSgjmQ2f5F9l290182pKMA=","43613KClKRLj8/0hNiFOizK6awHB7l4o1QV99VTpX3A=","77z1uA19tVK7cv65MM4CrIItq83D99j84f4eKP5N02o=","snWGIANFoqzO2wNZhqYoiBqHy9/vD2qxeDaxPsk2tTI=","F0JH62jUBSDB6m3e0qo9/LDBhPqTk7Ph/ZuE6XYa5NE=","IDnAyWw7v1CbfE6rYwiomda3unpYCZK/WnICWrSdtSw=","geB8N91MRIE7Lq7PooSwoPECaf/c/8RCp90LxLRmr7M=","LsFe05Uau2e09LXUetXV6KBGsuz5Tfh/dQkY4lpDsBc=","+RbFOvt/YOLozvDszuGCdLAn7CJNLMaN1MaMpT0EYJ8=","ypU2uD4KWcD98lgz+JKhNs695KzoFT7FnwER38H8KZU=","Pf4YcpPVjTOmT/qM6znqsW4+OcgWw+h2zDbEV8Acnzc=","u2er/8BaAZuKCscN8pzSGqVfqZ89t8ENvyE0mXgF36M=","sxb9JlKDIA/Yy2VNonLXt+0kgd6K0ZQ+UW2+LIJtqDA=","DfObGZUzdq+yc8EkE4CUFAAE66qDFWSOeaABg9P+j8M=","rEWi2sNxWSxTntJnwnKWCzwIipYGER26KURBZUJ8o5w=","5vaB+JQmccCkOwFxmopb4FTaeD59Rrbq9Vtn9uG8jBM=","7wVPxmQZRvnX27E4SkGcU4D4YnHk+JRxC89Debpkmq4=","ecs1np9VrsVq3VisrwMa+if5eq97+jBU4fWkrIPExnw=","IGo/A7GSZVLQi5hEhPCQRg/2CSXdwxObm7MlwUmqXZ0=","sB4X2Nq6SIPv1J5Ox2ZwaSgxmfvAWprZVTAig4qxw+s=","eiZ6WGgEegrCmeNiO2tFvIB7wQ1X2GvxCayrHnCrG7c=","dMk6AZCiEsqZkF2QfK5+3eShKcCv8wxe0Bu9GfJjmoI=","kfLdRgSKOWdD8rLDyZSeTTTLbxg51oEJvNdcCZFXf/U=","94bfEfl1TpxhQdHbnx6MQoBH0vb49bTp2n4AcJF+++Q=","eARXeCWB0jYvPedFMxUziOPilSS9FloYdwCXaGOSAps=","Aurs5oMoJzUJ2RLrTujMMvqCjX13bvN38NByrljT2kA=","b2SDL/y+XP/AbMkTsWHWtEO8T+8GJiUjPN5cFqJZM2o=","Rz/lk73LaTEuJ5b3EgGkwJ7uEcCv2ZcRPipRsZD15Fk=","hfgAg5rOSGwqkvHThV10fPCOHSd3IRMqofzBBQ+rCKI=","vDvePKsA1zosCaCRXa1Kq8zAuISxJFoJJG4vPcsVuMU=","9L0JTt7TKyp5mXM48kdAYo3xVnPCtgswXc//Ae1m4Es=","/DkCiR/yo/1AU7Ads5m6WfJHAUl2rvNxK9uWb91Mb90=","bAR+aCVb54EDP+dM7to4ppCcE2YKfwTmVsrMKRJ07/w=","pe5QMaIf6dyTCvqm8avHHKmUjbCgA0J0G4NS63Pjk24=","p+XaZHUphmpiBoKZyULxXMbsfsbvzxR79SWIBB8VnAM=","81Kyf0xJBjqbMuXgdm55bOaMIexP2uohHG9HIXPLBUg=","EBxGUf4sRJ3LiC+oXinLR+ZPXdC08vdwZ6aDoCmZ/YQ=","e7tSqMB9YcbGt+h8yp0LpZ9TLtLt9Ld6BnIC17MLVos=","gPaTcyh/xyMqLz/ANIDJkSRLzPCB9jFwhsdiZxuNx/w=","tSKs1egaokR4srRz3oDaWaiFO+U718G1gUq2IQn9yh0=","zb3WSju5DpYeoi4YAg+Q+tdX9SmO6qaG9+xqBitKlP8=","hEaBjimeXhNpImboBazQqVBDE/q37FTJ87LikYQ/Pu4=","rTsUoeWZTL18U+JcGUG5ToM7r85WlNXbS+dk3hkGNWM=","lzwUs7vHCIG1uqTRjpQ5pzYV4H3vF+e8+1Ut+d/rk9Q=","GBzXUF7gR+B24RvDBuLWe5YNrNXOBv5A4rVNRPXz4lI=","yOEn07v49acfyrTLHP8Cqe476Q+WVgC3WO5sfDi1MTk=","PNrByXUmtXVrB4oKa8iNZeN28J2ianCg+7Z+z3/zzDI=","LEOejOI/mjAZXjY99gma24AUu5HWWtUh3nI7WmoR//M=","snIk8I0U0Yu7uDgv/PKpjbxmYWmXCVe0lWsfOFmbdSY=","bDEQ4s63SzFwwNVxabK2NPHOcoq9YZIbv4bIRFwx0Lw=","QGbJSHZoBGEqBhRVNZ1FohS0KQxu+uiiE6EBlqy76Ho=","HJxifij2xC38ptEDldQkvsJOSIQEagcDU0xZ8nVHMWc=","dX33upzEhvH446gc7BfsuPRoF5vnFCgHwBLeM5yPEmo=","BSQJtGGrEQbeKiSoKVcQnjps4ouoRK58Wmrw3G9IJd4=","puJnq85ElePLfWvaHXdNK3dqdyEsVqerWArTdmojjes=","Ah5JYPyGqP9S2QgAdRzM49klLRD0Q8VFoKkZVWQSiJs=","dyjxtkYk+mlRRp0dfJoNujMfkea474IP3u24OdM1/S4=","CPJ+utarP4/6PckSkkPHRDWhY//O7XR3cRrpsfyxNAo=","WZom4pkRUICjqzjV0BjCZypzLNRu0j1jkqA4kiNeTNE=","OTQN/NzC6zps/Q/03fk4rKALGhsaSxnrvMDDvrxmjGw=","6hccq2uUeREUckaHbXXuHhhlnkQJvJpGgpFtrQ62S48=","heNsdbB9H9aDgMShes46/xa/DsoYfJfLE5NzKY4zrUo=","r6L8Z5rdxFd/d+NbzJFyjhVkohD0Xwnf4xsJDN1qYKk=","LoBv+nLgtMzjMDdrgPoyz3/U940ymEPDDjG0Sfz+bPM=","EKkdA7gAvxCexm32WKFju28Yg2/8xRRwmkw8g7TBU2Q=","50ZDzDqHC2UC5fqJTltgLOeoWh4CECgQl91Q6WFdXYc=","M+ER1x9XaZTNd4jGIdx64MP/uQVwpXwqW1Vt5JWr4lw=","U77rFpBjl6cEuNnYnjpoBrSYxJgR6GFB3nhDCuKIrp8=","yimoWzmkdMoNjAVnFwvtLFnG821Zx1eE88LuCR+GmNc=","rt9KTkqpFW921ZSzIseztWk57k96O6dgS8TNu31N0Ws=","N9R/HGvoA1HB5QEa9EqrZuFh+mo/mfMhy72stHJv+tU=","+kgsO9yQfN51LGzMFoFp1FKNzDhAHk+nYScgMbypGRA=","EqAnVMhzQBmVmtXlvPokCAlvBmk95awyFtN+mhyjSVc=","Mg2TrB9uRqY5I7umvMr3KuQz2qXSeVyYaw9sygJK4/Q=","0U7z6eBrFmMaho2+ch/HcG86gxn4aXeOOu4dJMORUUo=","IldIvOGfwG4Omt/WXOD21GbUKj+sTrDRtc5Np3VxkU0=","KnClIsOYSVKFvODBL/wpP3WOQkMyKzPQy/4zu39bQU4=","ofuhuPEiKLrYFfOkoS5UL9RlRb+1BJHvNWG02JT7vts=","OBXuI80m2WGU1lyN4Ps8n2P8ARrLysI7p6gatZpJAak=","999O+7QkMB+k1uYHiOqXTrAWk3StcWLTSpSGyivC+6M=","kEoL+ZpI2xmRjdZfLyN1BrvNjPYsqbPGfG6eV52qTSc=","gar+DcQPKe7ol70SM+kQgEmp83/D9EqQhw+uUHLpwJs=","stlEjibCoU+EwAXtxheWkMNKlNemzYZo4esfwpakHZU=","sehZbeuo2Y/cY4vBVdMBhXH2t9PTNYtBdtdhf9MUMxc=","xqL7hAvQ8OHACaP99CQjpW2CnxMU+1Yx6ZhcbkmaqNc="],"block_size":4096,"path":"build/react_devtools_backend_compact.js.map"},{"block_hashes":["MEfsZlKuincaGDSUkEaFn46+reN96nJ70tuI8LEWo3M=","hkmihwTrVH6Ox15PSRODEq8wc8CjrSSylqujAulrDk4=","T29iTN4raNGVHBMYMA4AfolhstcCnKsAEbfwD1l3TR0=","fRATw3m3ptwFGBnASVTmJXs5/bUoNUGk3Fhw+iGIHyA=","oP9ue8K8WSWbwGqaJJ84GY5dFbINszGp3CIUxCO1fZ8=","lJYcOUkDeAfrggw/UShmLsAiX8jh1c/MKX+/gOqfmkU=","FA+m7Y45Ya7St38/HdbPL5SwPgFwwhY06Ev81kWnPSE=","Cmb56wUuSZj/38WBU9sxurpbIeS2U9Oy3QJV/KPcJkE=","qD/MQSAiYdKyu2KQih67y67eUNS7ULHhcz7TfbNX9sk=","UL696IC876XYYL9LjWksvJOczASCuUstJgqzvmEC16E=","mkfj7V5Dw9vY+SS/wnBGF0+/57RKvNIux79t7veZRpI=","OezCCuvMWId2Vf9QLCBM9dB31mQ7+y1PjiZElMjcEj8=","Oy8wDIEORH8tBaXkig+7/+BZqv6kx08bmczVXTjQjTU=","tAxeWqoGj2tcQ53Kq8MN00nz36FG0DMskn+SiD20LLY=","+kJQ/UynuSKIYiySN/Vjsnow0J3uf44mti2wfJxbJaQ=","H0vCZxpypTEeyCJf1dbRGI/oUc4juEPtxKpLOTHQL2Q=","TtRltw5qdM3KWZRDCbLScWy3q2PyQZ4zpU+a8xfRbNg=","HUhmJz3f/3fY8p1RDHdW/4c5pgQtpUeKLbyzemQ1rDU=","UKfi+anPEcLInIOI/p692ESmrO8DiEUdL3kYpXOC9pE=","eRDmVndKe8Y4Ub/SwYCTDFWqPOcUITRz51Slh4ajf08=","siBkdYr+e18OmiZ2pBR+q0Tz421aqsqoiaSJtYhmPGU=","fsqvqLIc3ZRQ3TmsXRDaO3muCoEjsCCY+/aD3sobMBI=","GVw9JYTtZKZ6bJG/yF/Nbp6o5/rztwy7POH9+0yLAac=","dMsX8MO+guD4e/p0VLjcjEjDeKpfQh04vCAEns6mJRM=","KxbLxXLSLW3xk72pj3NDz4iZR/0Y+CBqR1LVQrU2Ac8=","wKKqm0hcXWawWHY7CPmKNAQHnru8sixVCywr8nt6f9I=","awrrHCQTwFJ6dHxI5HLLhXVHTdL7r5S53yVfYe4y5Rw=","sgN++ZT77zXEDx1i6xf3lSXQSitd9lKAR5LRTKv6Cdc=","sk5dlKHaDZ1dF42sHQw1DjvsBB66p3rHB5OEoGwm3io=","MPOvNBHB26hWN7um+2QYBIyS8ZW21PgvKeQRPab0Ofw="],"block_size":4096,"path":"build/renderer.js"},{"block_hashes":["4+TOVJYEZSpqVzVQ80s5lJktfXC/05v2n8MM/Xabdfg="],"block_size":4096,"path":"icons/128-deadcode.png"},{"block_hashes":["4+TOVJYEZSpqVzVQ80s5lJktfXC/05v2n8MM/Xabdfg="],"block_size":4096,"path":"icons/128-development.png"},{"block_hashes":["7K+tc6MW3eY4kf033X9+6fmXb59bUvGyZbkKIPgaNeA="],"block_size":4096,"path":"icons/128-outdated.png"},{"block_hashes":["y94rlzYkrXhfN1I+/sypchgTNU8qfiHs0wVWCswTjAY="],"block_size":4096,"path":"icons/128-restricted.png"},{"block_hashes":["4+TOVJYEZSpqVzVQ80s5lJktfXC/05v2n8MM/Xabdfg="],"block_size":4096,"path":"icons/128-unminified.png"},{"block_hashes":["cFkCwA3Fz0rIXZ6sUSoXsuC7Qn3JjLLMjxkyKpVgAHY="],"block_size":4096,"path":"icons/16-deadcode.png"},{"block_hashes":["cFkCwA3Fz0rIXZ6sUSoXsuC7Qn3JjLLMjxkyKpVgAHY="],"block_size":4096,"path":"icons/16-development.png"},{"block_hashes":["DIZporR8pUF+A+SOjPykGAZQp/wyYhir7Z9/39hGgNs="],"block_size":4096,"path":"icons/16-outdated.png"},{"block_hashes":["Ex6f8kfo6SVzURKbIDcJ2KiiVIj3FZtJjWYbqFEO/X4="],"block_size":4096,"path":"icons/16-restricted.png"},{"block_hashes":["cFkCwA3Fz0rIXZ6sUSoXsuC7Qn3JjLLMjxkyKpVgAHY="],"block_size":4096,"path":"icons/16-unminified.png"},{"block_hashes":["U7QpyRQUvuP+JVMoAp7/UT8XL//EH9Y9laqttpfOcaU="],"block_size":4096,"path":"icons/32-deadcode.png"},{"block_hashes":["U7QpyRQUvuP+JVMoAp7/UT8XL//EH9Y9laqttpfOcaU="],"block_size":4096,"path":"icons/32-development.png"},{"block_hashes":["MiBq2ZWd9Kp5D5Rkm3PGlydphleYwB8OvalVGjNkiAg="],"block_size":4096,"path":"icons/32-outdated.png"},{"block_hashes":["EUHfac8dGYXEn3lbZay6V+TSOZ5v9Quz5r3AtxDyeAQ="],"block_size":4096,"path":"icons/32-restricted.png"},{"block_hashes":["U7QpyRQUvuP+JVMoAp7/UT8XL//EH9Y9laqttpfOcaU="],"block_size":4096,"path":"icons/32-unminified.png"},{"block_hashes":["VGwCYKtaA8MHXpJ4lWAZIUu2Qz3iZsb5W3AhwBFQcOI="],"block_size":4096,"path":"icons/48-deadcode.png"},{"block_hashes":["VGwCYKtaA8MHXpJ4lWAZIUu2Qz3iZsb5W3AhwBFQcOI="],"block_size":4096,"path":"icons/48-development.png"},{"block_hashes":["1Gy4Tf3XabpP8GUTyrhsjjXdO1xITNoLrUvwFottOlA="],"block_size":4096,"path":"icons/48-outdated.png"},{"block_hashes":["Dd/yFREj4CLgB+CVdqawMMOAIdD//HVG8MmhuFKYE+I="],"block_size":4096,"path":"icons/48-restricted.png"},{"block_hashes":["VGwCYKtaA8MHXpJ4lWAZIUu2Qz3iZsb5W3AhwBFQcOI="],"block_size":4096,"path":"icons/48-unminified.png"},{"block_hashes":["rMZnMyVDzUkQl7KB/TW9Sb9DV2jUyyq49Xl0AHJ1YxM="],"block_size":4096,"path":"icons/deadcode.svg"},{"block_hashes":["rMZnMyVDzUkQl7KB/TW9Sb9DV2jUyyq49Xl0AHJ1YxM="],"block_size":4096,"path":"icons/development.svg"},{"block_hashes":["J5MQwt/ocfP2qHXvPVz7iSLTf67rnBJ+wxKu6+HFHNM="],"block_size":4096,"path":"icons/disabled.svg"},{"block_hashes":["193k33vjSLNB1NgMqH4i+R76axGyy+UmUTSIbhZvSJI="],"block_size":4096,"path":"icons/outdated.svg"},{"block_hashes":["EPxpqHAOHG9pQKG1rXzTIfcvq/jMF1SLQGx5oTdbaP8="],"block_size":4096,"path":"icons/production.svg"},{"block_hashes":["J5MQwt/ocfP2qHXvPVz7iSLTf67rnBJ+wxKu6+HFHNM="],"block_size":4096,"path":"icons/restricted.svg"},{"block_hashes":["s79DjXDmvx7mgrHVMrjhwrg4Y7IF2wbnQLDruCKhTYM="],"block_size":4096,"path":"main.html"},{"block_hashes":["S06nv2+56atDrfIZpa0+qiXN3ELqrA/jvkt5Qxw19lA="],"block_size":4096,"path":"panel.html"},{"block_hashes":["aRZLv2a5+t3+dP3SN+oWRQIJpIoOj7+ObR5tajF/YZ0="],"block_size":4096,"path":"popups/deadcode.html"},{"block_hashes":["dlZ5ajWAp8HCj6VXlOpkAhlHyFrrhXVyDZjTwJkikDE="],"block_size":4096,"path":"popups/development.html"},{"block_hashes":["gg5WTBEgzTKszCrL2w3smrNJVpEf/7pypM53cfxI/Uw="],"block_size":4096,"path":"popups/disabled.html"},{"block_hashes":["ZXrhBSzGALVF2Up4BNGiwQ1jNpzkXfIM88SDVzZqwHc="],"block_size":4096,"path":"popups/outdated.html"},{"block_hashes":["QFaMamssrmNNY0Wfk5Y8Oh61CPlvKite7EVkObOkpVI="],"block_size":4096,"path":"popups/production.html"},{"block_hashes":["9vPVPwXoVyO2hby5xPbdXsAlIJZEP4VRXdflo6CNyT4="],"block_size":4096,"path":"popups/restricted.html"},{"block_hashes":["mTY8h5u/dYe2svSwZ9N3EWofNG8CeEadlqYl7Xj51Cw="],"block_size":4096,"path":"popups/shared.css"},{"block_hashes":["4Abn9cgCDvm+PwdZ00yc9RTRi/4/E3Ep7x2vy5Ad4ko="],"block_size":4096,"path":"popups/shared.js"},{"block_hashes":["U81VVO+hypIRp4QRTMMsqIvTNj4yuYy7UtsaKY/Hi1s="],"block_size":4096,"path":"popups/unminified.html"}],"version":2}